ConversationID,ConversationTitle,From,SenderProfileUrl,Date,Subject,Content
2-0347f692,Aurora Patel,Alex Chen,,2025-04-18 23:00:00,,Are you open to a quick call? Would love to share what we're seeing with Shopify brands.
2-030d7f9f,Aurora Patel,Aurora Patel,https://www.linkedin.com/in/aurora-patel-108,2025-04-24 02:00:00,,Happy to share our framework — sending over a doc now.
2-02f2cdf9,Aurora Patel,Aurora Patel,https://www.linkedin.com/in/aurora-patel-108,2025-04-26 10:00:00,,Thanks for the intro! I'll reach out to them this week.
2-053d11b2,Jackson Chen,Jackson Chen,https://www.linkedin.com/in/jackson-chen-960,2025-02-21 15:00:00,,Thanks for the intro! I'll reach out to them this week.
2-049990c8,Jackson Chen,Alex Chen,,2025-02-26 02:00:00,,Happy to share our framework — sending over a doc now.
2-03e6a1ad,Jackson Chen,Jackson Chen,https://www.linkedin.com/in/jackson-chen-960,2025-02-23 21:00:00,,"Hi Alex, reaching out because I think there's a great opportunity to work together."
2-03566035,Jackson Chen,Jackson Chen,https://www.linkedin.com/in/jackson-chen-960,2025-02-24 04:00:00,,Happy to share our framework — sending over a doc now.
2-01bde934,Jackson Chen,Alex Chen,,2025-03-09 18:00:00,,The email flow you described sounds very similar to what we built for a client last quarter.
2-047f2749,Jackson Chen,Jackson Chen,https://www.linkedin.com/in/jackson-chen-960,2025-03-08 22:00:00,,Thanks for connecting! Always great to meet fellow growth folks.
2-05ac0ab2,Jackson Chen,Alex Chen,,2025-03-11 20:00:00,,Following up on our conversation last week — did you get a chance to review?
2-01f1e479,Jackson Chen,Alex Chen,,2025-02-28 00:00:00,,Happy to share our framework — sending over a doc now.
2-01a19c7d,Lily Wright,Alex Chen,,2025-04-06 15:00:00,,Thanks for connecting! Always great to meet fellow growth folks.
2-04073b64,Lily Wright,Alex Chen,,2025-04-11 13:00:00,,Great catch up! Let's definitely keep in touch.
2-0230fcff,Lily Wright,Lily Wright,https://www.linkedin.com/in/lily-wright-216,2025-04-14 12:00:00,,Would love to get your take on retention benchmarks for our vertical.
2-04d82524,Lily Wright,Alex Chen,,2025-04-24 11:00:00,,Following up on our conversation last week — did you get a chance to review?
2-0267fae5,Lily Wright,Alex Chen,,2025-04-14 00:00:00,,Happy to share our framework — sending over a doc now.
2-03aa1969,Lily Wright,Lily Wright,https://www.linkedin.com/in/lily-wright-216,2025-05-06 11:00:00,,Thanks for connecting! Always great to meet fellow growth folks.
2-00f63815,Lily Wright,Lily Wright,https://www.linkedin.com/in/lily-wright-216,2025-05-06 18:00:00,,Thanks for connecting! Always great to meet fellow growth folks.
2-055df417,Lily Wright,Alex Chen,,2025-04-27 09:00:00,,Would love to get your take on retention benchmarks for our vertical.
2-03568136,Lily Wright,Lily Wright,https://www.linkedin.com/in/lily-wright-216,2025-05-16 10:00:00,,Are you open to a quick call? Would love to share what we're seeing with Shopify brands.
2-03d2bbe6,Lily Wright,Alex Chen,,2025-05-12 11:00:00,,Are you open to a quick call? Would love to share what we're seeing with Shopify brands.
2-00c5775d,Riley Taylor,Alex Chen,,2026-01-06 23:00:00,,Happy to share our framework — sending over a doc now.
2-0398fb63,Oliver Johansson,Oliver Johansson,https://www.linkedin.com/in/oliver-johansson-460,2025-08-17 03:00:00,,"Hey Oliver, loved your recent post on DTC growth. Would love to connect!"
2-00fc180f,Oliver Johansson,Alex Chen,,2025-08-23 08:00:00,,Thanks for the intro! I'll reach out to them this week.
2-00fb5f8f,Oliver Johansson,Alex Chen,,2025-08-27 01:00:00,,"Hey Oliver, loved your recent post on DTC growth. Would love to connect!"
2-0195b5e8,Oliver Johansson,Oliver Johansson,https://www.linkedin.com/in/oliver-johansson-460,2025-09-04 03:00:00,,Great catch up! Let's definitely keep in touch.
2-023d7104,Oliver Johansson,Alex Chen,,2025-09-06 08:00:00,,Are you open to a quick call? Would love to share what we're seeing with Shopify brands.
2-03f6885a,Oliver Johansson,Alex Chen,,2025-09-16 21:00:00,,"Hi Alex, reaching out because I think there's a great opportunity to work together."
2-059413e6,Oliver Johansson,Alex Chen,,2025-09-22 03:00:00,,"Hi Alex, reaching out because I think there's a great opportunity to work together."
2-04b05043,Oliver Johansson,Oliver Johansson,https://www.linkedin.com/in/oliver-johansson-460,2025-09-21 22:00:00,,Thanks for connecting! Always great to meet fellow growth folks.
2-01723749,Oliver Johansson,Oliver Johansson,https://www.linkedin.com/in/oliver-johansson-460,2025-10-04 19:00:00,,Thanks for connecting! Always great to meet fellow growth folks.
2-04c7fdb9,Oliver Johansson,Alex Chen,,2025-09-22 06:00:00,,"Hi Alex, reaching out because I think there's a great opportunity to work together."
2-04fb2d13,Lily Williams,Lily Williams,https://www.linkedin.com/in/lily-williams-702,2025-10-31 13:00:00,,"Hey Lily, loved your recent post on DTC growth. Would love to connect!"
2-033daa02,Lily Williams,Alex Chen,,2025-11-04 06:00:00,,The email flow you described sounds very similar to what we built for a client last quarter.
2-017ac01a,Lily Williams,Lily Williams,https://www.linkedin.com/in/lily-williams-702,2025-11-04 00:00:00,,Thanks for connecting! Always great to meet fellow growth folks.
2-015113c3,Lily Williams,Alex Chen,,2025-11-21 18:00:00,,Are you open to a quick call? Would love to share what we're seeing with Shopify brands.
2-05c0308c,Joseph Turner,Joseph Turner,https://www.linkedin.com/in/joseph-turner-254,2026-03-25 23:00:00,,"Hi Alex, reaching out because I think there's a great opportunity to work together."
2-02b58414,Joseph Turner,Alex Chen,,2026-03-27 14:00:00,,"Hi Alex, reaching out because I think there's a great opportunity to work together."
2-00e95ec9,Joseph Turner,Joseph Turner,https://www.linkedin.com/in/joseph-turner-254,2026-04-02 01:00:00,,Are you open to a quick call? Would love to share what we're seeing with Shopify brands.
2-040106ac,Joseph Turner,Joseph Turner,https://www.linkedin.com/in/joseph-turner-254,2026-04-15 09:00:00,,Following up on our conversation last week — did you get a chance to review?
2-00ac6595,Joseph Turner,Joseph Turner,https://www.linkedin.com/in/joseph-turner-254,2026-04-18 03:00:00,,"Hey Joseph, loved your recent post on DTC growth. Would love to connect!"
2-0339af6d,Joseph Turner,Alex Chen,,2026-04-29 04:00:00,,Are you open to a quick call? Would love to share what we're seeing with Shopify brands.
2-0156f3c2,Joseph Turner,Alex Chen,,2026-04-12 14:00:00,,"Hi Alex, reaching out because I think there's a great opportunity to work together."
2-03cc4ce3,Joseph Turner,Joseph Turner,https://www.linkedin.com/in/joseph-turner-254,2026-04-15 10:00:00,,Great catch up! Let's definitely keep in touch.
2-03f84fa0,Joseph Turner,Alex Chen,,2026-04-26 08:00:00,,The email flow you described sounds very similar to what we built for a client last quarter.
2-01df0798,Raj Chen,Raj Chen,https://www.linkedin.com/in/raj-chen-640,2025-02-03 05:00:00,,"Hey Raj, loved your recent post on DTC growth. Would love to connect!"
2-0525c8b6,Raj Chen,Alex Chen,,2025-02-04 13:00:00,,The email flow you described sounds very similar to what we built for a client last quarter.
2-0376ff9b,Raj Chen,Raj Chen,https://www.linkedin.com/in/raj-chen-640,2025-02-15 14:00:00,,Great catch up! Let's definitely keep in touch.
2-0475ef5d,Raj Chen,Alex Chen,,2025-02-18 00:00:00,,Are you open to a quick call? Would love to share what we're seeing with Shopify brands.
2-00f6bd3d,Raj Chen,Alex Chen,,2025-02-19 03:00:00,,The email flow you described sounds very similar to what we built for a client last quarter.
2-04cb6a3b,Raj Chen,Alex Chen,,2025-02-08 08:00:00,,"Hey Raj, loved your recent post on DTC growth. Would love to connect!"
2-02634f1a,Raj Chen,Alex Chen,,2025-03-17 23:00:00,,Thanks for the intro! I'll reach out to them this week.
2-015ba4cf,Raj Chen,Alex Chen,,2025-03-17 10:00:00,,Thanks for the intro! I'll reach out to them this week.
2-035caece,Raj Chen,Alex Chen,,2025-03-07 21:00:00,,The email flow you described sounds very similar to what we built for a client last quarter.
2-051013ae,Raj Chen,Alex Chen,,2025-03-29 21:00:00,,Are you open to a quick call? Would love to share what we're seeing with Shopify brands.
2-04a3fd82,Raj Chen,Raj Chen,https://www.linkedin.com/in/raj-chen-640,2025-03-25 01:00:00,,Are you open to a quick call? Would love to share what we're seeing with Shopify brands.
2-03293ef6,Lincoln Lee,Lincoln Lee,https://www.linkedin.com/in/lincoln-lee-650,2025-02-20 05:00:00,,The email flow you described sounds very similar to what we built for a client last quarter.
2-04a6c777,Lincoln Lee,Alex Chen,,2025-02-22 10:00:00,,"Hey Lincoln, loved your recent post on DTC growth. Would love to connect!"
2-0279de2e,Lincoln Lee,Alex Chen,,2025-02-24 17:00:00,,Great catch up! Let's definitely keep in touch.
2-042e4b36,Lincoln Lee,Lincoln Lee,https://www.linkedin.com/in/lincoln-lee-650,2025-02-23 14:00:00,,Thanks for the intro! I'll reach out to them this week.
2-04933560,Lincoln Lee,Lincoln Lee,https://www.linkedin.com/in/lincoln-lee-650,2025-02-24 15:00:00,,Thanks for connecting! Always great to meet fellow growth folks.
2-03e50ea7,Lincoln Lee,Lincoln Lee,https://www.linkedin.com/in/lincoln-lee-650,2025-03-22 20:00:00,,Great catch up! Let's definitely keep in touch.
2-056dff06,Lincoln Lee,Alex Chen,,2025-02-26 17:00:00,,Thanks for connecting! Always great to meet fellow growth folks.
2-05183eb8,Lincoln Lee,Lincoln Lee,https://www.linkedin.com/in/lincoln-lee-650,2025-03-27 20:00:00,,Would love to get your take on retention benchmarks for our vertical.
2-0107be57,Yuna Miller,Alex Chen,,2025-06-01 14:00:00,,Following up on our conversation last week — did you get a chance to review?
2-0513c6dd,Yuna Miller,Alex Chen,,2025-06-08 07:00:00,,Following up on our conversation last week — did you get a chance to review?
2-04375fd6,Yuna Miller,Alex Chen,,2025-06-15 19:00:00,,Following up on our conversation last week — did you get a chance to review?
2-009d1655,Yuna Miller,Alex Chen,,2025-06-04 03:00:00,,Happy to share our framework — sending over a doc now.
2-04fa4219,Wyatt Stewart,Alex Chen,,2025-11-02 20:00:00,,"Hi Alex, reaching out because I think there's a great opportunity to work together."
2-01e8c730,Wyatt Stewart,Alex Chen,,2025-11-07 11:00:00,,"Hey Wyatt, loved your recent post on DTC growth. Would love to connect!"
2-0173a522,Wyatt Stewart,Alex Chen,,2025-11-10 04:00:00,,Great catch up! Let's definitely keep in touch.
2-03bd3d6a,Wyatt Stewart,Wyatt Stewart,https://www.linkedin.com/in/wyatt-stewart-286,2025-11-11 19:00:00,,Thanks for connecting! Always great to meet fellow growth folks.
2-034cad01,Wyatt Stewart,Alex Chen,,2025-11-10 14:00:00,,Happy to share our framework — sending over a doc now.
2-0194f0d7,Wyatt Stewart,Wyatt Stewart,https://www.linkedin.com/in/wyatt-stewart-286,2025-11-07 13:00:00,,Thanks for the intro! I'll reach out to them this week.
2-0496305f,Henry Cox,Alex Chen,,2025-09-10 18:00:00,,Are you open to a quick call? Would love to share what we're seeing with Shopify brands.
2-040efbc9,Henry Cox,Alex Chen,,2025-09-11 16:00:00,,Would love to get your take on retention benchmarks for our vertical.
2-02037f9c,Henry Cox,Alex Chen,,2025-09-24 18:00:00,,Would love to get your take on retention benchmarks for our vertical.
2-016caa99,Henry Cox,Henry Cox,https://www.linkedin.com/in/henry-cox-429,2025-09-28 18:00:00,,Are you open to a quick call? Would love to share what we're seeing with Shopify brands.
2-04a10162,Henry Cox,Alex Chen,,2025-09-26 21:00:00,,Following up on our conversation last week — did you get a chance to review?
2-02c8e989,Henry Cox,Alex Chen,,2025-09-30 13:00:00,,Happy to share our framework — sending over a doc now.
2-01a9bbc0,Henry Cox,Alex Chen,,2025-10-04 10:00:00,,The email flow you described sounds very similar to what we built for a client last quarter.
2-02fcc311,Henry Cox,Alex Chen,,2025-09-24 13:00:00,,Would love to get your take on retention benchmarks for our vertical.
2-05a81e53,Layla Howard,Alex Chen,,2025-07-26 10:00:00,,Would love to get your take on retention benchmarks for our vertical.
2-035bbfc7,Layla Howard,Layla Howard,https://www.linkedin.com/in/layla-howard-378,2025-07-28 06:00:00,,"Hi Alex, reaching out because I think there's a great opportunity to work together."
2-04a08fc8,Layla Howard,Alex Chen,,2025-08-07 04:00:00,,Are you open to a quick call? Would love to share what we're seeing with Shopify brands.
2-0369f88d,Layla Howard,Alex Chen,,2025-08-10 22:00:00,,Thanks for connecting! Always great to meet fellow growth folks.
2-04de0555,Layla Howard,Alex Chen,,2025-08-15 15:00:00,,Great catch up! Let's definitely keep in touch.
2-0172a3b0,Layla Howard,Alex Chen,,2025-08-10 13:00:00,,Would love to get your take on retention benchmarks for our vertical.
2-0231fcf0,Layla Howard,Layla Howard,https://www.linkedin.com/in/layla-howard-378,2025-08-01 12:00:00,,"Hey Layla, loved your recent post on DTC growth. Would love to connect!"
2-01c47925,Layla Howard,Alex Chen,,2025-08-16 05:00:00,,"Hi Alex, reaching out because I think there's a great opportunity to work together."
2-023a61b9,Layla Howard,Alex Chen,,2025-09-20 01:00:00,,"Hi Alex, reaching out because I think there's a great opportunity to work together."
2-016a7789,Layla Howard,Layla Howard,https://www.linkedin.com/in/layla-howard-378,2025-09-27 17:00:00,,The email flow you described sounds very similar to what we built for a client last quarter.
2-05c5e375,Layla Howard,Alex Chen,,2025-09-14 21:00:00,,Happy to share our framework — sending over a doc now.
2-05e97881,Layla Howard,Layla Howard,https://www.linkedin.com/in/layla-howard-378,2025-09-19 12:00:00,,"Hi Alex, reaching out because I think there's a great opportunity to work together."
2-050356cd,Eleanor Richardson,Eleanor Richardson,https://www.linkedin.com/in/eleanor-richardson-789,2025-01-13 12:00:00,,Following up on our conversation last week — did you get a chance to review?
2-026682de,Priya Young,Priya Young,https://www.linkedin.com/in/priya-young-415,2026-04-26 08:00:00,,The email flow you described sounds very similar to what we built for a client last quarter.
2-04f80e41,Camila Hill,Camila Hill,https://www.linkedin.com/in/camila-hill-489,2025-05-07 20:00:00,,Thanks for the intro! I'll reach out to them this week.
2-02f31059,Camila Hill,Camila Hill,https://www.linkedin.com/in/camila-hill-489,2025-05-13 19:00:00,,Happy to share our framework — sending over a doc now.
2-02178413,Camila Hill,Alex Chen,,2025-05-15 05:00:00,,Thanks for connecting! Always great to meet fellow growth folks.
2-00ebce8a,Camila Hill,Alex Chen,,2025-05-13 23:00:00,,Great catch up! Let's definitely keep in touch.
2-01e22b90,Camila Hill,Alex Chen,,2025-05-23 08:00:00,,Are you open to a quick call? Would love to share what we're seeing with Shopify brands.
2-01d5a145,Camila Hill,Camila Hill,https://www.linkedin.com/in/camila-hill-489,2025-06-01 08:00:00,,The email flow you described sounds very similar to what we built for a client last quarter.
2-0100bd65,Camila Hill,Alex Chen,,2025-05-13 04:00:00,,Thanks for the intro! I'll reach out to them this week.
2-04853c78,Camila Hill,Alex Chen,,2025-06-25 20:00:00,,"Hi Alex, reaching out because I think there's a great opportunity to work together."
2-03239029,Camila Hill,Alex Chen,,2025-07-02 18:00:00,,Thanks for connecting! Always great to meet fellow growth folks.
2-0124369a,Camila Hill,Alex Chen,,2025-06-21 07:00:00,,Would love to get your take on retention benchmarks for our vertical.
2-04e47001,Camila Hill,Camila Hill,https://www.linkedin.com/in/camila-hill-489,2025-07-16 16:00:00,,Would love to get your take on retention benchmarks for our vertical.
2-033e9cb6,Raj Lee,Alex Chen,,2026-03-16 07:00:00,,Following up on our conversation last week — did you get a chance to review?
2-04d70cb4,Raj Lee,Raj Lee,https://www.linkedin.com/in/raj-lee-788,2026-03-19 09:00:00,,Thanks for the intro! I'll reach out to them this week.
2-018389d7,Raj Lee,Alex Chen,,2026-03-24 17:00:00,,"Hey Raj, loved your recent post on DTC growth. Would love to connect!"
2-0590aa65,Raj Lee,Raj Lee,https://www.linkedin.com/in/raj-lee-788,2026-04-03 11:00:00,,Thanks for the intro! I'll reach out to them this week.
2-03a5a394,Raj Lee,Alex Chen,,2026-03-24 01:00:00,,Following up on our conversation last week — did you get a chance to review?
2-02dbd259,Raj Lee,Raj Lee,https://www.linkedin.com/in/raj-lee-788,2026-04-20 03:00:00,,Would love to get your take on retention benchmarks for our vertical.
2-04b5e491,Raj Lee,Alex Chen,,2026-03-22 16:00:00,,Following up on our conversation last week — did you get a chance to review?
2-032896a2,Zoey Johansson,Zoey Johansson,https://www.linkedin.com/in/zoey-johansson-177,2025-09-16 01:00:00,,Happy to share our framework — sending over a doc now.
2-04e65c3f,Zoey Johansson,Alex Chen,,2025-09-21 02:00:00,,Are you open to a quick call? Would love to share what we're seeing with Shopify brands.
2-05f56f29,Zoey Johansson,Alex Chen,,2025-09-26 00:00:00,,Happy to share our framework — sending over a doc now.
2-016d6e14,Zoey Johansson,Alex Chen,,2025-10-04 06:00:00,,Great catch up! Let's definitely keep in touch.
2-05c4bec1,Zoey Johansson,Alex Chen,,2025-09-24 17:00:00,,Great catch up! Let's definitely keep in touch.
2-00c93be2,Zoey Johansson,Alex Chen,,2025-10-21 02:00:00,,Are you open to a quick call? Would love to share what we're seeing with Shopify brands.
2-012e9990,Zoey Johansson,Zoey Johansson,https://www.linkedin.com/in/zoey-johansson-177,2025-10-10 22:00:00,,Thanks for connecting! Always great to meet fellow growth folks.
2-0128da71,Zoey Johansson,Alex Chen,,2025-09-23 05:00:00,,Would love to get your take on retention benchmarks for our vertical.
2-03b34756,Zoey Johansson,Alex Chen,,2025-10-26 07:00:00,,Great catch up! Let's definitely keep in touch.
2-018ae0ca,Lars Johansson,Lars Johansson,https://www.linkedin.com/in/lars-johansson-509,2025-06-14 13:00:00,,Great catch up! Let's definitely keep in touch.
2-011a1935,Lars Johansson,Alex Chen,,2025-06-19 00:00:00,,Thanks for the intro! I'll reach out to them this week.
2-03752863,Lars Johansson,Alex Chen,,2025-06-28 23:00:00,,Thanks for connecting! Always great to meet fellow growth folks.
2-0572d5b1,Lars Johansson,Lars Johansson,https://www.linkedin.com/in/lars-johansson-509,2025-06-29 03:00:00,,"Hi Alex, reaching out because I think there's a great opportunity to work together."
2-03a5b90f,Lars Johansson,Alex Chen,,2025-06-18 09:00:00,,The email flow you described sounds very similar to what we built for a client last quarter.
2-04dd213f,Lars Johansson,Lars Johansson,https://www.linkedin.com/in/lars-johansson-509,2025-07-04 21:00:00,,Are you open to a quick call? Would love to share what we're seeing with Shopify brands.
2-02f4b42b,Lars Johansson,Alex Chen,,2025-06-26 04:00:00,,Would love to get your take on retention benchmarks for our vertical.
2-00af6c6b,Lars Johansson,Lars Johansson,https://www.linkedin.com/in/lars-johansson-509,2025-07-26 04:00:00,,Following up on our conversation last week — did you get a chance to review?
2-052d83fc,Harper Richardson,Harper Richardson,https://www.linkedin.com/in/harper-richardson-355,2025-02-09 04:00:00,,"Hey Harper, loved your recent post on DTC growth. Would love to connect!"
2-0308986a,Harper Richardson,Alex Chen,,2025-02-14 12:00:00,,Thanks for connecting! Always great to meet fellow growth folks.
2-024a39a3,Harper Richardson,Alex Chen,,2025-02-13 23:00:00,,Following up on our conversation last week — did you get a chance to review?
2-01e238f0,Harper Richardson,Alex Chen,,2025-02-21 20:00:00,,Are you open to a quick call? Would love to share what we're seeing with Shopify brands.
2-02269167,Harper Richardson,Alex Chen,,2025-02-17 07:00:00,,"Hi Alex, reaching out because I think there's a great opportunity to work together."
2-0107f9a2,Harper Richardson,Alex Chen,,2025-02-14 05:00:00,,Thanks for the intro! I'll reach out to them this week.
2-012e6352,Harper Richardson,Alex Chen,,2025-03-23 17:00:00,,Would love to get your take on retention benchmarks for our vertical.
2-022ce62c,Harper Richardson,Harper Richardson,https://www.linkedin.com/in/harper-richardson-355,2025-03-02 21:00:00,,Thanks for connecting! Always great to meet fellow growth folks.
2-037401db,Harper Richardson,Alex Chen,,2025-03-29 18:00:00,,Following up on our conversation last week — did you get a chance to review?
2-01278e75,Lincoln Rogers,Lincoln Rogers,https://www.linkedin.com/in/lincoln-rogers-314,2025-05-24 07:00:00,,Thanks for the intro! I'll reach out to them this week.
2-0586db70,Lincoln Rogers,Alex Chen,,2025-05-26 10:00:00,,Following up on our conversation last week — did you get a chance to review?
2-051ed6a1,Lincoln Rogers,Alex Chen,,2025-06-05 09:00:00,,Are you open to a quick call? Would love to share what we're seeing with Shopify brands.
2-00a27bcc,William Mitchell,Alex Chen,,2025-10-28 10:00:00,,Are you open to a quick call? Would love to share what we're seeing with Shopify brands.
2-02cf3a6a,William Mitchell,Alex Chen,,2025-10-31 07:00:00,,Great catch up! Let's definitely keep in touch.
2-046f889b,William Mitchell,William Mitchell,https://www.linkedin.com/in/william-mitchell-509,2025-11-11 11:00:00,,Following up on our conversation last week — did you get a chance to review?
2-047de7c0,William Mitchell,William Mitchell,https://www.linkedin.com/in/william-mitchell-509,2025-11-09 14:00:00,,"Hi Alex, reaching out because I think there's a great opportunity to work together."
2-01407852,William Mitchell,William Mitchell,https://www.linkedin.com/in/william-mitchell-509,2025-11-17 03:00:00,,Thanks for the intro! I'll reach out to them this week.
2-04e7ad79,William Mitchell,Alex Chen,,2025-12-02 08:00:00,,Are you open to a quick call? Would love to share what we're seeing with Shopify brands.
2-013301ca,William Mitchell,Alex Chen,,2025-11-09 08:00:00,,Thanks for connecting! Always great to meet fellow growth folks.
2-053a2d3c,William Mitchell,Alex Chen,,2025-11-04 16:00:00,,Thanks for the intro! I'll reach out to them this week.
2-0502409d,William Mitchell,William Mitchell,https://www.linkedin.com/in/william-mitchell-509,2025-11-29 18:00:00,,"Hey William, loved your recent post on DTC growth. Would love to connect!"
2-045f74ef,William Mitchell,Alex Chen,,2025-11-24 17:00:00,,Would love to get your take on retention benchmarks for our vertical.
2-02ec8dde,Penelope Taylor,Penelope Taylor,https://www.linkedin.com/in/penelope-taylor-665,2025-04-01 11:00:00,,Thanks for the intro! I'll reach out to them this week.
2-03c53432,Penelope Taylor,Alex Chen,,2025-04-03 14:00:00,,Thanks for connecting! Always great to meet fellow growth folks.
2-05822231,Penelope Taylor,Penelope Taylor,https://www.linkedin.com/in/penelope-taylor-665,2025-04-07 16:00:00,,Happy to share our framework — sending over a doc now.
2-042a7286,Penelope Taylor,Alex Chen,,2025-04-19 05:00:00,,Are you open to a quick call? Would love to share what we're seeing with Shopify brands.
2-05df10fb,Penelope Taylor,Alex Chen,,2025-04-09 05:00:00,,Thanks for the intro! I'll reach out to them this week.
2-037766b2,Penelope Taylor,Alex Chen,,2025-05-06 04:00:00,,The email flow you described sounds very similar to what we built for a client last quarter.
2-011953da,Penelope Taylor,Alex Chen,,2025-04-07 07:00:00,,Happy to share our framework — sending over a doc now.
2-04bd3782,Penelope Taylor,Penelope Taylor,https://www.linkedin.com/in/penelope-taylor-665,2025-04-22 11:00:00,,Happy to share our framework — sending over a doc now.
2-00f7b11a,Penelope Taylor,Penelope Taylor,https://www.linkedin.com/in/penelope-taylor-665,2025-05-27 11:00:00,,The email flow you described sounds very similar to what we built for a client last quarter.
2-05aa2210,Penelope Taylor,Penelope Taylor,https://www.linkedin.com/in/penelope-taylor-665,2025-04-10 20:00:00,,Would love to get your take on retention benchmarks for our vertical.
2-0539a004,Penelope Taylor,Alex Chen,,2025-06-10 08:00:00,,"Hi Alex, reaching out because I think there's a great opportunity to work together."
2-054c2774,Oliver Lee,Alex Chen,,2025-07-15 12:00:00,,Following up on our conversation last week — did you get a chance to review?
2-026115e7,Oliver Lee,Alex Chen,,2025-07-21 02:00:00,,Great catch up! Let's definitely keep in touch.
2-047dae2c,Oliver Lee,Oliver Lee,https://www.linkedin.com/in/oliver-lee-584,2025-07-25 12:00:00,,Following up on our conversation last week — did you get a chance to review?
2-049c599b,Oliver Lee,Alex Chen,,2025-08-05 15:00:00,,"Hey Oliver, loved your recent post on DTC growth. Would love to connect!"
2-04b65e50,Oliver Lee,Oliver Lee,https://www.linkedin.com/in/oliver-lee-584,2025-07-23 14:00:00,,Thanks for connecting! Always great to meet fellow growth folks.
2-01dadb12,Oliver Lee,Oliver Lee,https://www.linkedin.com/in/oliver-lee-584,2025-08-14 08:00:00,,Are you open to a quick call? Would love to share what we're seeing with Shopify brands.
2-05e28a5a,Oliver Lee,Alex Chen,,2025-08-02 19:00:00,,Thanks for connecting! Always great to meet fellow growth folks.
2-0472bbe6,Oliver Lee,Alex Chen,,2025-07-29 13:00:00,,Thanks for connecting! Always great to meet fellow growth folks.
2-01e2d1fa,Oliver Lee,Alex Chen,,2025-09-01 15:00:00,,Thanks for the intro! I'll reach out to them this week.
2-052f1698,Mia Nguyen,Mia Nguyen,https://www.linkedin.com/in/mia-nguyen-812,2025-03-02 00:00:00,,Are you open to a quick call? Would love to share what we're seeing with Shopify brands.
2-00e8d9cc,Mia Nguyen,Mia Nguyen,https://www.linkedin.com/in/mia-nguyen-812,2025-03-07 05:00:00,,Would love to get your take on retention benchmarks for our vertical.
2-02094e05,Mia Nguyen,Mia Nguyen,https://www.linkedin.com/in/mia-nguyen-812,2025-03-12 04:00:00,,"Hi Alex, reaching out because I think there's a great opportunity to work together."
2-05b2706f,Mia Nguyen,Alex Chen,,2025-03-17 12:00:00,,Thanks for the intro! I'll reach out to them this week.
2-01483369,Mia Nguyen,Alex Chen,,2025-03-06 23:00:00,,"Hi Alex, reaching out because I think there's a great opportunity to work together."
2-04730b76,Mia Nguyen,Alex Chen,,2025-03-12 14:00:00,,The email flow you described sounds very similar to what we built for a client last quarter.
2-01bcdcc2,Mia Nguyen,Alex Chen,,2025-03-14 07:00:00,,Thanks for the intro! I'll reach out to them this week.
2-0594ecef,Mia Nguyen,Alex Chen,,2025-04-20 18:00:00,,Are you open to a quick call? Would love to share what we're seeing with Shopify brands.
2-04394b74,Mia Nguyen,Mia Nguyen,https://www.linkedin.com/in/mia-nguyen-812,2025-04-19 16:00:00,,Following up on our conversation last week — did you get a chance to review?
2-03ae038a,Mia Nguyen,Mia Nguyen,https://www.linkedin.com/in/mia-nguyen-812,2025-04-16 18:00:00,,Great catch up! Let's definitely keep in touch.
2-04a18425,Mia Nguyen,Mia Nguyen,https://www.linkedin.com/in/mia-nguyen-812,2025-03-22 03:00:00,,Would love to get your take on retention benchmarks for our vertical.
2-04672b00,Riley Flores,Alex Chen,,2025-09-30 04:00:00,,Are you open to a quick call? Would love to share what we're seeing with Shopify brands.
2-049f67f6,Riley Flores,Riley Flores,https://www.linkedin.com/in/riley-flores-779,2025-10-05 19:00:00,,Would love to get your take on retention benchmarks for our vertical.
2-056c8104,Riley Flores,Riley Flores,https://www.linkedin.com/in/riley-flores-779,2025-10-14 03:00:00,,Are you open to a quick call? Would love to share what we're seeing with Shopify brands.
2-04c5bc06,Riley Flores,Alex Chen,,2025-10-15 00:00:00,,Great catch up! Let's definitely keep in touch.
2-0407171f,Riley Flores,Alex Chen,,2025-10-16 11:00:00,,Would love to get your take on retention benchmarks for our vertical.
2-036672c8,Riley Flores,Alex Chen,,2025-10-10 15:00:00,,Great catch up! Let's definitely keep in touch.
2-0160b64d,Riley Flores,Alex Chen,,2025-10-30 23:00:00,,Thanks for the intro! I'll reach out to them this week.
2-01443f0d,Riley Flores,Riley Flores,https://www.linkedin.com/in/riley-flores-779,2025-10-28 04:00:00,,Happy to share our framework — sending over a doc now.
2-02a8928e,Riley Flores,Alex Chen,,2025-10-24 19:00:00,,Great catch up! Let's definitely keep in touch.
2-05384e39,Riley Flores,Alex Chen,,2025-10-18 00:00:00,,"Hey Riley, loved your recent post on DTC growth. Would love to connect!"
2-05d5192d,Riley Flores,Alex Chen,,2025-11-19 03:00:00,,Great catch up! Let's definitely keep in touch.
2-01d5930d,Aubrey Bailey,Aubrey Bailey,https://www.linkedin.com/in/aubrey-bailey-525,2025-05-15 10:00:00,,Thanks for connecting! Always great to meet fellow growth folks.
2-04e287dc,Aubrey Bailey,Alex Chen,,2025-05-19 20:00:00,,"Hi Alex, reaching out because I think there's a great opportunity to work together."
2-03c692f0,Aubrey Bailey,Aubrey Bailey,https://www.linkedin.com/in/aubrey-bailey-525,2025-05-23 18:00:00,,"Hi Alex, reaching out because I think there's a great opportunity to work together."
2-0474ae8e,Aubrey Bailey,Aubrey Bailey,https://www.linkedin.com/in/aubrey-bailey-525,2025-06-05 06:00:00,,Would love to get your take on retention benchmarks for our vertical.
2-05379e11,Nathan Carter,Alex Chen,,2025-10-25 17:00:00,,"Hi Alex, reaching out because I think there's a great opportunity to work together."
2-05decc96,Nathan Carter,Nathan Carter,https://www.linkedin.com/in/nathan-carter-308,2025-10-28 22:00:00,,Are you open to a quick call? Would love to share what we're seeing with Shopify brands.
2-0165f560,Nathan Carter,Nathan Carter,https://www.linkedin.com/in/nathan-carter-308,2025-10-27 23:00:00,,Are you open to a quick call? Would love to share what we're seeing with Shopify brands.
2-01033128,Emma Johansson,Alex Chen,,2025-08-15 10:00:00,,Thanks for the intro! I'll reach out to them this week.
2-01532326,Emma Johansson,Alex Chen,,2025-08-17 12:00:00,,"Hey Emma, loved your recent post on DTC growth. Would love to connect!"
2-04143daa,Emma Johansson,Alex Chen,,2025-08-29 04:00:00,,Thanks for the intro! I'll reach out to them this week.
2-013c825f,Emma Johansson,Emma Johansson,https://www.linkedin.com/in/emma-johansson-551,2025-08-18 02:00:00,,Following up on our conversation last week — did you get a chance to review?
2-0581fd4a,Caleb Kowalski,Alex Chen,,2026-04-13 12:00:00,,Great catch up! Let's definitely keep in touch.
2-010e45ad,Caleb Kowalski,Caleb Kowalski,https://www.linkedin.com/in/caleb-kowalski-377,2026-04-19 16:00:00,,Thanks for the intro! I'll reach out to them this week.
2-00ae85d5,Caleb Kowalski,Alex Chen,,2026-04-27 05:00:00,,The email flow you described sounds very similar to what we built for a client last quarter.
2-02e25448,Caleb Kowalski,Alex Chen,,2026-04-19 21:00:00,,Would love to get your take on retention benchmarks for our vertical.
2-04b8f965,Caleb Kowalski,Alex Chen,,2026-04-21 01:00:00,,Would love to get your take on retention benchmarks for our vertical.
2-037955dd,Caleb Kowalski,Alex Chen,,2026-05-13 07:00:00,,"Hey Caleb, loved your recent post on DTC growth. Would love to connect!"
2-014a7124,Caleb Kowalski,Caleb Kowalski,https://www.linkedin.com/in/caleb-kowalski-377,2026-04-25 20:00:00,,Are you open to a quick call? Would love to share what we're seeing with Shopify brands.
2-03d6f393,Caleb Kowalski,Caleb Kowalski,https://www.linkedin.com/in/caleb-kowalski-377,2026-05-04 12:00:00,,Great catch up! Let's definitely keep in touch.
2-01513f60,Caleb Kowalski,Alex Chen,,2026-05-23 06:00:00,,Thanks for connecting! Always great to meet fellow growth folks.
2-05426ef8,Caleb Kowalski,Alex Chen,,2026-05-28 09:00:00,,Would love to get your take on retention benchmarks for our vertical.
2-043bef30,Chloe Young,Chloe Young,https://www.linkedin.com/in/chloe-young-897,2025-11-06 08:00:00,,Happy to share our framework — sending over a doc now.
2-03da664c,Chloe Young,Chloe Young,https://www.linkedin.com/in/chloe-young-897,2025-11-10 18:00:00,,Are you open to a quick call? Would love to share what we're seeing with Shopify brands.
2-02f33733,Chloe Young,Alex Chen,,2025-11-16 03:00:00,,Would love to get your take on retention benchmarks for our vertical.
2-04e636ca,Chloe Young,Alex Chen,,2025-11-15 03:00:00,,"Hi Alex, reaching out because I think there's a great opportunity to work together."
2-039cd92a,Chloe Young,Chloe Young,https://www.linkedin.com/in/chloe-young-897,2025-12-04 18:00:00,,The email flow you described sounds very similar to what we built for a client last quarter.
2-04444f39,Chloe Young,Alex Chen,,2025-12-01 15:00:00,,Following up on our conversation last week — did you get a chance to review?
2-0122f063,Mateo Wilson,Alex Chen,,2025-09-09 00:00:00,,"Hi Alex, reaching out because I think there's a great opportunity to work together."
2-026f7c1c,Mateo Wilson,Alex Chen,,2025-09-13 20:00:00,,Happy to share our framework — sending over a doc now.
2-04ba6376,Mateo Wilson,Mateo Wilson,https://www.linkedin.com/in/mateo-wilson-891,2025-09-23 10:00:00,,Following up on our conversation last week — did you get a chance to review?
2-029504fc,Mateo Wilson,Alex Chen,,2025-09-24 00:00:00,,"Hi Alex, reaching out because I think there's a great opportunity to work together."
2-01344b7f,Mateo Wilson,Mateo Wilson,https://www.linkedin.com/in/mateo-wilson-891,2025-09-21 02:00:00,,Following up on our conversation last week — did you get a chance to review?
2-02583619,Mateo Wilson,Alex Chen,,2025-10-04 05:00:00,,Following up on our conversation last week — did you get a chance to review?
2-049689dd,Mateo Wilson,Mateo Wilson,https://www.linkedin.com/in/mateo-wilson-891,2025-10-09 08:00:00,,Happy to share our framework — sending over a doc now.
2-02b8235a,Mateo Wilson,Mateo Wilson,https://www.linkedin.com/in/mateo-wilson-891,2025-10-21 06:00:00,,Happy to share our framework — sending over a doc now.
2-058b796e,Mateo Wilson,Mateo Wilson,https://www.linkedin.com/in/mateo-wilson-891,2025-09-25 07:00:00,,Happy to share our framework — sending over a doc now.
2-01395497,Mateo Wilson,Alex Chen,,2025-10-06 04:00:00,,Thanks for connecting! Always great to meet fellow growth folks.
2-04ed86cb,Mateo Wilson,Alex Chen,,2025-11-08 21:00:00,,"Hey Mateo, loved your recent post on DTC growth. Would love to connect!"
2-0531341d,Carlos Garcia,Alex Chen,,2025-02-22 11:00:00,,The email flow you described sounds very similar to what we built for a client last quarter.
2-05359923,Aurora Johnson,Aurora Johnson,https://www.linkedin.com/in/aurora-johnson-516,2025-08-24 16:00:00,,Happy to share our framework — sending over a doc now.
2-046c2ff9,Aurora Johnson,Alex Chen,,2025-08-26 01:00:00,,Great catch up! Let's definitely keep in touch.
2-01fe943b,Aurora Johnson,Alex Chen,,2025-09-03 01:00:00,,Great catch up! Let's definitely keep in touch.
2-031f0aab,Aurora Johnson,Alex Chen,,2025-09-05 03:00:00,,The email flow you described sounds very similar to what we built for a client last quarter.
2-03a1a80c,Aurora Johnson,Aurora Johnson,https://www.linkedin.com/in/aurora-johnson-516,2025-09-17 00:00:00,,Happy to share our framework — sending over a doc now.
2-0217e047,Ananya Cook,Alex Chen,,2026-03-12 11:00:00,,"Hi Alex, reaching out because I think there's a great opportunity to work together."
2-05802f1b,Ananya Cook,Ananya Cook,https://www.linkedin.com/in/ananya-cook-682,2026-03-17 08:00:00,,The email flow you described sounds very similar to what we built for a client last quarter.
2-0247c227,Ananya Cook,Ananya Cook,https://www.linkedin.com/in/ananya-cook-682,2026-03-18 11:00:00,,Great catch up! Let's definitely keep in touch.
2-03cd0064,Ananya Cook,Alex Chen,,2026-03-24 22:00:00,,Following up on our conversation last week — did you get a chance to review?
2-05340425,Ananya Cook,Ananya Cook,https://www.linkedin.com/in/ananya-cook-682,2026-03-24 14:00:00,,Are you open to a quick call? Would love to share what we're seeing with Shopify brands.
2-027b8452,Ananya Cook,Alex Chen,,2026-04-11 07:00:00,,"Hi Alex, reaching out because I think there's a great opportunity to work together."
2-01c3469e,Ananya Cook,Alex Chen,,2026-04-11 13:00:00,,Happy to share our framework — sending over a doc now.
2-02024793,Ananya Cook,Ananya Cook,https://www.linkedin.com/in/ananya-cook-682,2026-04-30 23:00:00,,"Hey Ananya, loved your recent post on DTC growth. Would love to connect!"
2-04de2f29,Ananya Cook,Ananya Cook,https://www.linkedin.com/in/ananya-cook-682,2026-04-13 15:00:00,,Would love to get your take on retention benchmarks for our vertical.
2-029a952c,Ananya Cook,Alex Chen,,2026-05-05 10:00:00,,"Hi Alex, reaching out because I think there's a great opportunity to work together."
2-01138ada,Nathan Wilson,Nathan Wilson,https://www.linkedin.com/in/nathan-wilson-317,2025-02-17 01:00:00,,Are you open to a quick call? Would love to share what we're seeing with Shopify brands.
2-0431e3fb,Nathan Wilson,Alex Chen,,2025-02-19 08:00:00,,Thanks for connecting! Always great to meet fellow growth folks.
2-05142f4c,Nathan Wilson,Nathan Wilson,https://www.linkedin.com/in/nathan-wilson-317,2025-03-01 10:00:00,,Following up on our conversation last week — did you get a chance to review?
2-0190e1dc,Nathan Wilson,Nathan Wilson,https://www.linkedin.com/in/nathan-wilson-317,2025-03-04 08:00:00,,Great catch up! Let's definitely keep in touch.
2-0535fc00,Nathan Wilson,Alex Chen,,2025-03-01 21:00:00,,Happy to share our framework — sending over a doc now.
2-02df7771,Nathan Wilson,Alex Chen,,2025-03-14 20:00:00,,Are you open to a quick call? Would love to share what we're seeing with Shopify brands.
2-042be698,Nathan Wilson,Alex Chen,,2025-03-07 10:00:00,,The email flow you described sounds very similar to what we built for a client last quarter.
2-05a6559e,Nathan Wilson,Alex Chen,,2025-02-24 12:00:00,,The email flow you described sounds very similar to what we built for a client last quarter.
2-03f877d2,Nathan Wilson,Alex Chen,,2025-03-05 05:00:00,,Following up on our conversation last week — did you get a chance to review?
2-013a9bef,Raj Reed,Alex Chen,,2025-06-23 12:00:00,,Thanks for connecting! Always great to meet fellow growth folks.
2-05d1f56e,Raj Reed,Raj Reed,https://www.linkedin.com/in/raj-reed-449,2025-06-25 10:00:00,,Following up on our conversation last week — did you get a chance to review?
2-02c41a9f,Raj Reed,Raj Reed,https://www.linkedin.com/in/raj-reed-449,2025-06-29 22:00:00,,Great catch up! Let's definitely keep in touch.
2-0432c770,Raj Reed,Alex Chen,,2025-07-05 11:00:00,,Would love to get your take on retention benchmarks for our vertical.
2-0198ab6c,Raj Reed,Raj Reed,https://www.linkedin.com/in/raj-reed-449,2025-07-09 05:00:00,,"Hey Raj, loved your recent post on DTC growth. Would love to connect!"
2-0247d69b,Raj Reed,Alex Chen,,2025-07-23 07:00:00,,Thanks for connecting! Always great to meet fellow growth folks.
2-0461ac22,Raj Reed,Raj Reed,https://www.linkedin.com/in/raj-reed-449,2025-07-05 12:00:00,,Thanks for connecting! Always great to meet fellow growth folks.
2-04c9b463,Raj Reed,Raj Reed,https://www.linkedin.com/in/raj-reed-449,2025-07-28 01:00:00,,Great catch up! Let's definitely keep in touch.
2-01d696fc,Raj Reed,Raj Reed,https://www.linkedin.com/in/raj-reed-449,2025-08-18 02:00:00,,Thanks for the intro! I'll reach out to them this week.
2-03122dd2,Raj Reed,Alex Chen,,2025-07-02 20:00:00,,Great catch up! Let's definitely keep in touch.
2-059b9ece,Raj Reed,Alex Chen,,2025-07-13 07:00:00,,The email flow you described sounds very similar to what we built for a client last quarter.
2-033299a5,Nina Peterson,Nina Peterson,https://www.linkedin.com/in/nina-peterson-851,2026-02-24 05:00:00,,Following up on our conversation last week — did you get a chance to review?
2-02c67e1d,Nina Peterson,Alex Chen,,2026-03-03 15:00:00,,Would love to get your take on retention benchmarks for our vertical.
2-020328af,Nina Peterson,Nina Peterson,https://www.linkedin.com/in/nina-peterson-851,2026-03-06 14:00:00,,Would love to get your take on retention benchmarks for our vertical.
2-04136bea,Jack Ward,Alex Chen,,2025-07-01 20:00:00,,Thanks for the intro! I'll reach out to them this week.
2-035f96ac,Jack Ward,Alex Chen,,2025-07-06 20:00:00,,"Hi Alex, reaching out because I think there's a great opportunity to work together."
2-0421848e,Jack Ward,Jack Ward,https://www.linkedin.com/in/jack-ward-165,2025-07-09 17:00:00,,Thanks for connecting! Always great to meet fellow growth folks.
2-03064e23,Jack Ward,Jack Ward,https://www.linkedin.com/in/jack-ward-165,2025-07-10 11:00:00,,Are you open to a quick call? Would love to share what we're seeing with Shopify brands.
2-0358dd3c,Jack Ward,Alex Chen,,2025-07-05 00:00:00,,Are you open to a quick call? Would love to share what we're seeing with Shopify brands.
2-04699f0a,Jack Ward,Alex Chen,,2025-07-16 15:00:00,,The email flow you described sounds very similar to what we built for a client last quarter.
2-055f4067,Jack Ward,Alex Chen,,2025-07-19 00:00:00,,"Hi Alex, reaching out because I think there's a great opportunity to work together."
2-03e3d2ac,Jack Ward,Alex Chen,,2025-07-15 00:00:00,,Happy to share our framework — sending over a doc now.
2-05c393b9,Jack Ward,Jack Ward,https://www.linkedin.com/in/jack-ward-165,2025-08-10 13:00:00,,Are you open to a quick call? Would love to share what we're seeing with Shopify brands.
2-03f9558a,Jack Ward,Jack Ward,https://www.linkedin.com/in/jack-ward-165,2025-08-06 12:00:00,,Thanks for connecting! Always great to meet fellow growth folks.
2-02df9b28,Leila Hassan,Alex Chen,,2025-12-31 19:00:00,,"Hi Alex, reaching out because I think there's a great opportunity to work together."
2-03e6370c,Leila Hassan,Alex Chen,,2026-01-06 23:00:00,,"Hi Alex, reaching out because I think there's a great opportunity to work together."
2-017a9902,Leila Hassan,Leila Hassan,https://www.linkedin.com/in/leila-hassan-703,2026-01-04 02:00:00,,"Hi Alex, reaching out because I think there's a great opportunity to work together."
2-0593fcd5,Leila Hassan,Alex Chen,,2026-01-18 14:00:00,,"Hi Alex, reaching out because I think there's a great opportunity to work together."
2-00fe3bff,Leila Hassan,Leila Hassan,https://www.linkedin.com/in/leila-hassan-703,2026-01-16 06:00:00,,Are you open to a quick call? Would love to share what we're seeing with Shopify brands.
2-02da5bc4,Leila Hassan,Leila Hassan,https://www.linkedin.com/in/leila-hassan-703,2026-01-25 00:00:00,,Thanks for connecting! Always great to meet fellow growth folks.
2-02756240,Leila Hassan,Alex Chen,,2026-01-18 04:00:00,,"Hey Leila, loved your recent post on DTC growth. Would love to connect!"
2-0354d34e,Leila Hassan,Leila Hassan,https://www.linkedin.com/in/leila-hassan-703,2026-01-07 04:00:00,,Happy to share our framework — sending over a doc now.
2-03913588,Leila Hassan,Alex Chen,,2026-02-01 09:00:00,,The email flow you described sounds very similar to what we built for a client last quarter.
2-013ce281,Leila Hassan,Alex Chen,,2026-02-05 22:00:00,,Following up on our conversation last week — did you get a chance to review?
2-012ac8a3,Leila Hassan,Leila Hassan,https://www.linkedin.com/in/leila-hassan-703,2026-03-11 04:00:00,,Great catch up! Let's definitely keep in touch.
2-03a60ef4,Caleb Flores,Alex Chen,,2025-09-04 06:00:00,,"Hi Alex, reaching out because I think there's a great opportunity to work together."
2-03aca76b,Caleb Flores,Caleb Flores,https://www.linkedin.com/in/caleb-flores-151,2025-09-11 00:00:00,,Happy to share our framework — sending over a doc now.
2-0230821e,Caleb Flores,Caleb Flores,https://www.linkedin.com/in/caleb-flores-151,2025-09-18 14:00:00,,"Hey Caleb, loved your recent post on DTC growth. Would love to connect!"
2-05ec9270,Caleb Flores,Alex Chen,,2025-09-16 23:00:00,,Would love to get your take on retention benchmarks for our vertical.
2-032e38a7,Caleb Flores,Caleb Flores,https://www.linkedin.com/in/caleb-flores-151,2025-09-12 15:00:00,,"Hi Alex, reaching out because I think there's a great opportunity to work together."
2-04c371e2,Caleb Flores,Alex Chen,,2025-09-14 20:00:00,,Would love to get your take on retention benchmarks for our vertical.
2-022f92ea,Caleb Flores,Alex Chen,,2025-09-10 08:00:00,,"Hi Alex, reaching out because I think there's a great opportunity to work together."
2-017fdd89,Caleb Flores,Alex Chen,,2025-09-25 01:00:00,,Happy to share our framework — sending over a doc now.
2-01ef5786,Caleb Flores,Caleb Flores,https://www.linkedin.com/in/caleb-flores-151,2025-09-20 20:00:00,,"Hey Caleb, loved your recent post on DTC growth. Would love to connect!"
2-00ee971e,Benjamin Chen,Alex Chen,,2025-07-07 12:00:00,,"Hey Benjamin, loved your recent post on DTC growth. Would love to connect!"
2-01d602ea,Benjamin Chen,Alex Chen,,2025-07-12 22:00:00,,Thanks for the intro! I'll reach out to them this week.
2-0153c73c,Benjamin Chen,Benjamin Chen,https://www.linkedin.com/in/benjamin-chen-458,2025-07-13 02:00:00,,The email flow you described sounds very similar to what we built for a client last quarter.
2-011301e2,Benjamin Chen,Benjamin Chen,https://www.linkedin.com/in/benjamin-chen-458,2025-07-25 19:00:00,,"Hey Benjamin, loved your recent post on DTC growth. Would love to connect!"
2-017486a8,Benjamin Chen,Benjamin Chen,https://www.linkedin.com/in/benjamin-chen-458,2025-07-19 20:00:00,,Would love to get your take on retention benchmarks for our vertical.
2-041b158d,Violet Hall,Alex Chen,,2025-08-26 10:00:00,,Following up on our conversation last week — did you get a chance to review?
2-03761d6b,Violet Hall,Violet Hall,https://www.linkedin.com/in/violet-hall-971,2025-09-01 06:00:00,,Great catch up! Let's definitely keep in touch.
2-047a7c95,Violet Hall,Violet Hall,https://www.linkedin.com/in/violet-hall-971,2025-09-07 04:00:00,,"Hey Violet, loved your recent post on DTC growth. Would love to connect!"
2-021d3fb1,Layla Smith,Alex Chen,,2025-09-20 09:00:00,,The email flow you described sounds very similar to what we built for a client last quarter.
2-0457dc3b,Layla Smith,Alex Chen,,2025-09-25 05:00:00,,Following up on our conversation last week — did you get a chance to review?
2-01e0f8a0,Layla Smith,Alex Chen,,2025-09-26 19:00:00,,Would love to get your take on retention benchmarks for our vertical.
2-02b3ed5c,Layla Smith,Layla Smith,https://www.linkedin.com/in/layla-smith-384,2025-09-23 16:00:00,,"Hi Alex, reaching out because I think there's a great opportunity to work together."
2-03a0de7e,Layla Smith,Alex Chen,,2025-10-10 11:00:00,,Would love to get your take on retention benchmarks for our vertical.
2-038236c1,Layla Smith,Alex Chen,,2025-10-20 05:00:00,,Thanks for the intro! I'll reach out to them this week.
2-05dcc3bd,Layla Smith,Layla Smith,https://www.linkedin.com/in/layla-smith-384,2025-11-01 19:00:00,,Thanks for connecting! Always great to meet fellow growth folks.
2-0501fe74,Layla Smith,Layla Smith,https://www.linkedin.com/in/layla-smith-384,2025-10-25 12:00:00,,The email flow you described sounds very similar to what we built for a client last quarter.
2-05b928bd,Layla Smith,Layla Smith,https://www.linkedin.com/in/layla-smith-384,2025-10-06 19:00:00,,Great catch up! Let's definitely keep in touch.
2-00f23e64,Layla Smith,Layla Smith,https://www.linkedin.com/in/layla-smith-384,2025-10-17 03:00:00,,Thanks for connecting! Always great to meet fellow growth folks.
2-0236721c,Layla Smith,Layla Smith,https://www.linkedin.com/in/layla-smith-384,2025-11-29 04:00:00,,"Hey Layla, loved your recent post on DTC growth. Would love to connect!"
2-052a0555,Layla Smith,Layla Smith,https://www.linkedin.com/in/layla-smith-384,2025-10-01 15:00:00,,"Hey Layla, loved your recent post on DTC growth. Would love to connect!"
2-0551862f,Charlotte Hall,Alex Chen,,2025-02-28 21:00:00,,Thanks for the intro! I'll reach out to them this week.
2-0129bcde,Charlotte Hall,Charlotte Hall,https://www.linkedin.com/in/charlotte-hall-805,2025-03-03 01:00:00,,Thanks for the intro! I'll reach out to them this week.
2-04572c4a,Charlotte Hall,Alex Chen,,2025-03-02 06:00:00,,Thanks for connecting! Always great to meet fellow growth folks.
2-03ec75c5,Charlotte Hall,Charlotte Hall,https://www.linkedin.com/in/charlotte-hall-805,2025-03-21 20:00:00,,Would love to get your take on retention benchmarks for our vertical.
2-0588113d,Charlotte Hall,Alex Chen,,2025-03-28 11:00:00,,"Hey Charlotte, loved your recent post on DTC growth. Would love to connect!"
2-0306fc02,Charlotte Hall,Charlotte Hall,https://www.linkedin.com/in/charlotte-hall-805,2025-03-15 16:00:00,,Thanks for connecting! Always great to meet fellow growth folks.
2-0167e59d,Charlotte Hall,Alex Chen,,2025-03-06 06:00:00,,Thanks for connecting! Always great to meet fellow growth folks.
2-022418b5,Charlotte Hall,Alex Chen,,2025-04-11 07:00:00,,Happy to share our framework — sending over a doc now.
2-05103d3a,Charlotte Hall,Charlotte Hall,https://www.linkedin.com/in/charlotte-hall-805,2025-04-09 21:00:00,,Are you open to a quick call? Would love to share what we're seeing with Shopify brands.
2-05b47d8e,Charlotte Hall,Charlotte Hall,https://www.linkedin.com/in/charlotte-hall-805,2025-04-23 17:00:00,,Thanks for connecting! Always great to meet fellow growth folks.
2-016dca23,Charlotte Hall,Alex Chen,,2025-04-19 11:00:00,,Great catch up! Let's definitely keep in touch.
2-05db3693,Nina White,Nina White,https://www.linkedin.com/in/nina-white-328,2025-03-23 17:00:00,,Following up on our conversation last week — did you get a chance to review?
2-036a25c8,Nina White,Alex Chen,,2025-03-25 17:00:00,,The email flow you described sounds very similar to what we built for a client last quarter.
2-0391de94,Nina White,Alex Chen,,2025-03-29 17:00:00,,Following up on our conversation last week — did you get a chance to review?
2-05769e54,Benjamin Li,Alex Chen,,2025-04-06 13:00:00,,Following up on our conversation last week — did you get a chance to review?
2-04ff7a0c,Benjamin Li,Alex Chen,,2025-04-08 18:00:00,,Great catch up! Let's definitely keep in touch.
2-042d1144,Benjamin Li,Benjamin Li,https://www.linkedin.com/in/benjamin-li-231,2025-04-18 08:00:00,,The email flow you described sounds very similar to what we built for a client last quarter.
2-055cb5cd,Benjamin Li,Alex Chen,,2025-04-18 00:00:00,,"Hi Alex, reaching out because I think there's a great opportunity to work together."
2-00a60a75,Benjamin Li,Benjamin Li,https://www.linkedin.com/in/benjamin-li-231,2025-04-10 16:00:00,,"Hi Alex, reaching out because I think there's a great opportunity to work together."
2-00c50844,Benjamin Li,Benjamin Li,https://www.linkedin.com/in/benjamin-li-231,2025-04-21 07:00:00,,Following up on our conversation last week — did you get a chance to review?
2-04afac01,Benjamin Li,Alex Chen,,2025-05-18 22:00:00,,Would love to get your take on retention benchmarks for our vertical.
2-0370f88b,Wyatt Smith,Wyatt Smith,https://www.linkedin.com/in/wyatt-smith-392,2025-07-14 04:00:00,,The email flow you described sounds very similar to what we built for a client last quarter.
2-02984b7a,Wyatt Smith,Wyatt Smith,https://www.linkedin.com/in/wyatt-smith-392,2025-07-16 04:00:00,,Thanks for the intro! I'll reach out to them this week.
2-0528f212,Wyatt Smith,Alex Chen,,2025-07-18 08:00:00,,Thanks for connecting! Always great to meet fellow growth folks.
2-03318ea5,Wyatt Smith,Alex Chen,,2025-07-26 18:00:00,,Thanks for connecting! Always great to meet fellow growth folks.
2-015be4ba,Wyatt Smith,Wyatt Smith,https://www.linkedin.com/in/wyatt-smith-392,2025-08-11 15:00:00,,Thanks for the intro! I'll reach out to them this week.
2-03a5fe8c,Wyatt Smith,Wyatt Smith,https://www.linkedin.com/in/wyatt-smith-392,2025-08-08 20:00:00,,Thanks for the intro! I'll reach out to them this week.
2-03612621,Wyatt Smith,Alex Chen,,2025-07-20 01:00:00,,Following up on our conversation last week — did you get a chance to review?
2-0268e7da,Wyatt Smith,Wyatt Smith,https://www.linkedin.com/in/wyatt-smith-392,2025-09-01 13:00:00,,Thanks for connecting! Always great to meet fellow growth folks.
2-05aac9e6,Wyatt Smith,Alex Chen,,2025-08-31 20:00:00,,"Hey Wyatt, loved your recent post on DTC growth. Would love to connect!"
2-04ea5d2d,Ananya Turner,Alex Chen,,2025-10-19 09:00:00,,Following up on our conversation last week — did you get a chance to review?
2-01d2561a,Ananya Turner,Ananya Turner,https://www.linkedin.com/in/ananya-turner-234,2025-10-24 04:00:00,,Happy to share our framework — sending over a doc now.
2-042935be,Ananya Turner,Alex Chen,,2025-10-21 21:00:00,,Great catch up! Let's definitely keep in touch.
2-025f6b54,Ananya Turner,Alex Chen,,2025-11-09 19:00:00,,Thanks for connecting! Always great to meet fellow growth folks.
2-01a74fa1,Ananya Turner,Alex Chen,,2025-11-04 09:00:00,,Are you open to a quick call? Would love to share what we're seeing with Shopify brands.
2-04fb343a,Ananya Turner,Alex Chen,,2025-11-03 02:00:00,,"Hey Ananya, loved your recent post on DTC growth. Would love to connect!"
2-04126cf9,Ananya Turner,Ananya Turner,https://www.linkedin.com/in/ananya-turner-234,2025-11-12 08:00:00,,Would love to get your take on retention benchmarks for our vertical.
2-04718465,Ananya Turner,Ananya Turner,https://www.linkedin.com/in/ananya-turner-234,2025-12-07 22:00:00,,Are you open to a quick call? Would love to share what we're seeing with Shopify brands.
2-022a3302,Ananya Turner,Alex Chen,,2025-11-28 06:00:00,,Thanks for the intro! I'll reach out to them this week.
2-0290e63d,Ananya Turner,Alex Chen,,2025-12-03 19:00:00,,Would love to get your take on retention benchmarks for our vertical.
2-032eef57,Ananya Turner,Ananya Turner,https://www.linkedin.com/in/ananya-turner-234,2025-11-08 02:00:00,,Great catch up! Let's definitely keep in touch.
2-03fbffc1,Isaac Kowalski,Isaac Kowalski,https://www.linkedin.com/in/isaac-kowalski-214,2025-01-14 02:00:00,,Great catch up! Let's definitely keep in touch.
2-0558d929,Isaac Kowalski,Isaac Kowalski,https://www.linkedin.com/in/isaac-kowalski-214,2025-01-17 11:00:00,,Following up on our conversation last week — did you get a chance to review?
2-0364ce9c,Isaac Kowalski,Alex Chen,,2025-01-26 00:00:00,,Are you open to a quick call? Would love to share what we're seeing with Shopify brands.
2-00f47f42,Isaac Kowalski,Alex Chen,,2025-01-29 14:00:00,,The email flow you described sounds very similar to what we built for a client last quarter.
2-01d80ed2,Isaac Kowalski,Isaac Kowalski,https://www.linkedin.com/in/isaac-kowalski-214,2025-02-11 07:00:00,,Following up on our conversation last week — did you get a chance to review?
2-01084820,Isaac Kowalski,Alex Chen,,2025-02-18 23:00:00,,Thanks for connecting! Always great to meet fellow growth folks.
2-00b4b6b3,Isaac Kowalski,Alex Chen,,2025-01-26 19:00:00,,"Hi Alex, reaching out because I think there's a great opportunity to work together."
2-04325061,Isaac Kowalski,Alex Chen,,2025-02-04 22:00:00,,"Hi Alex, reaching out because I think there's a great opportunity to work together."
2-024a822f,Isaac Kowalski,Isaac Kowalski,https://www.linkedin.com/in/isaac-kowalski-214,2025-02-15 00:00:00,,Would love to get your take on retention benchmarks for our vertical.
2-04fc87c8,Isaac Kowalski,Alex Chen,,2025-02-01 17:00:00,,"Hi Alex, reaching out because I think there's a great opportunity to work together."
2-05f12f81,Isaac Kowalski,Alex Chen,,2025-02-23 19:00:00,,Are you open to a quick call? Would love to share what we're seeing with Shopify brands.
2-01f5670c,Mason Morris,Alex Chen,,2025-10-22 21:00:00,,"Hi Alex, reaching out because I think there's a great opportunity to work together."
2-0450d3e0,Mei Andersen,Alex Chen,,2025-12-08 22:00:00,,"Hey Mei, loved your recent post on DTC growth. Would love to connect!"
2-05e65fd0,David Davis,David Davis,https://www.linkedin.com/in/david-davis-614,2025-01-04 02:00:00,,"Hi Alex, reaching out because I think there's a great opportunity to work together."
2-00bfa909,David Davis,David Davis,https://www.linkedin.com/in/david-davis-614,2025-01-11 21:00:00,,Thanks for connecting! Always great to meet fellow growth folks.
2-04aa1417,David Davis,David Davis,https://www.linkedin.com/in/david-davis-614,2025-01-10 20:00:00,,Great catch up! Let's definitely keep in touch.
2-055f7639,David Davis,Alex Chen,,2025-01-22 03:00:00,,The email flow you described sounds very similar to what we built for a client last quarter.
2-04428b33,David Davis,David Davis,https://www.linkedin.com/in/david-davis-614,2025-01-24 02:00:00,,Would love to get your take on retention benchmarks for our vertical.
2-04d4d49f,David Davis,David Davis,https://www.linkedin.com/in/david-davis-614,2025-01-29 22:00:00,,Happy to share our framework — sending over a doc now.
2-00be36d6,David Davis,Alex Chen,,2025-01-22 10:00:00,,Are you open to a quick call? Would love to share what we're seeing with Shopify brands.
2-027c55d2,David Davis,David Davis,https://www.linkedin.com/in/david-davis-614,2025-01-25 21:00:00,,"Hi Alex, reaching out because I think there's a great opportunity to work together."
2-03b18364,David Davis,Alex Chen,,2025-02-13 08:00:00,,"Hi Alex, reaching out because I think there's a great opportunity to work together."
2-026694cd,David Davis,Alex Chen,,2025-03-08 00:00:00,,"Hi Alex, reaching out because I think there's a great opportunity to work together."
2-014c645f,David Davis,Alex Chen,,2025-01-24 10:00:00,,Are you open to a quick call? Would love to share what we're seeing with Shopify brands.
2-03ef495c,Sofia Allen,Alex Chen,,2025-10-19 21:00:00,,Happy to share our framework — sending over a doc now.
2-05706224,Sofia Allen,Sofia Allen,https://www.linkedin.com/in/sofia-allen-573,2025-10-21 18:00:00,,"Hi Alex, reaching out because I think there's a great opportunity to work together."
2-05d0da14,Sofia Allen,Alex Chen,,2025-10-25 14:00:00,,Happy to share our framework — sending over a doc now.
2-01b36fba,Sofia Allen,Alex Chen,,2025-10-25 18:00:00,,Happy to share our framework — sending over a doc now.
2-01ad95c2,Sofia Allen,Alex Chen,,2025-10-31 22:00:00,,Would love to get your take on retention benchmarks for our vertical.
2-01dc4520,Sofia Allen,Alex Chen,,2025-11-08 04:00:00,,Thanks for the intro! I'll reach out to them this week.
2-0211b262,Sofia Allen,Alex Chen,,2025-11-06 02:00:00,,Thanks for connecting! Always great to meet fellow growth folks.
2-03e88ac8,Sofia Allen,Alex Chen,,2025-11-09 04:00:00,,Following up on our conversation last week — did you get a chance to review?
2-01cfcbc2,Sofia Allen,Sofia Allen,https://www.linkedin.com/in/sofia-allen-573,2025-11-20 09:00:00,,"Hi Alex, reaching out because I think there's a great opportunity to work together."
2-00ce3de9,Sofia Allen,Sofia Allen,https://www.linkedin.com/in/sofia-allen-573,2025-12-21 06:00:00,,Are you open to a quick call? Would love to share what we're seeing with Shopify brands.
2-0521e463,Sofia Allen,Alex Chen,,2025-12-28 19:00:00,,Thanks for the intro! I'll reach out to them this week.
2-00ce0249,Sofia Allen,Alex Chen,,2025-12-13 07:00:00,,Happy to share our framework — sending over a doc now.
2-04589d93,Carlos Wilson,Carlos Wilson,https://www.linkedin.com/in/carlos-wilson-579,2026-03-23 15:00:00,,Thanks for the intro! I'll reach out to them this week.
2-04871187,Carlos Wilson,Carlos Wilson,https://www.linkedin.com/in/carlos-wilson-579,2026-03-29 20:00:00,,Great catch up! Let's definitely keep in touch.
2-00da9811,Carlos Wilson,Carlos Wilson,https://www.linkedin.com/in/carlos-wilson-579,2026-03-31 04:00:00,,Happy to share our framework — sending over a doc now.
2-02606100,Carlos Wilson,Alex Chen,,2026-04-04 00:00:00,,Great catch up! Let's definitely keep in touch.
2-012008fb,Carlos Wilson,Alex Chen,,2026-04-16 21:00:00,,Happy to share our framework — sending over a doc now.
2-0331f960,Carlos Wilson,Alex Chen,,2026-04-02 14:00:00,,The email flow you described sounds very similar to what we built for a client last quarter.
2-0575a0e1,Dylan Reed,Dylan Reed,https://www.linkedin.com/in/dylan-reed-865,2025-02-02 13:00:00,,"Hey Dylan, loved your recent post on DTC growth. Would love to connect!"
2-057cf32a,Dylan Reed,Alex Chen,,2025-02-08 12:00:00,,Great catch up! Let's definitely keep in touch.
2-05ba2995,Dylan Reed,Alex Chen,,2025-02-14 18:00:00,,Would love to get your take on retention benchmarks for our vertical.
2-044051e8,Dylan Reed,Alex Chen,,2025-02-20 01:00:00,,The email flow you described sounds very similar to what we built for a client last quarter.
2-04bee413,Dylan Reed,Alex Chen,,2025-03-02 01:00:00,,Happy to share our framework — sending over a doc now.
2-050ec26a,Dylan Reed,Alex Chen,,2025-02-27 12:00:00,,"Hey Dylan, loved your recent post on DTC growth. Would love to connect!"
2-021d66c1,Dylan Reed,Alex Chen,,2025-02-26 16:00:00,,"Hey Dylan, loved your recent post on DTC growth. Would love to connect!"
2-02e22416,Dylan Reed,Dylan Reed,https://www.linkedin.com/in/dylan-reed-865,2025-02-23 14:00:00,,"Hi Alex, reaching out because I think there's a great opportunity to work together."
2-04bb577b,Riley Hill,Alex Chen,,2026-02-06 09:00:00,,"Hey Riley, loved your recent post on DTC growth. Would love to connect!"
2-0151cf87,Riley Hill,Alex Chen,,2026-02-08 14:00:00,,The email flow you described sounds very similar to what we built for a client last quarter.
2-04f7a130,Riley Hill,Riley Hill,https://www.linkedin.com/in/riley-hill-162,2026-02-18 16:00:00,,Thanks for the intro! I'll reach out to them this week.
2-00cb9b9f,Riley Hill,Riley Hill,https://www.linkedin.com/in/riley-hill-162,2026-02-12 12:00:00,,The email flow you described sounds very similar to what we built for a client last quarter.
2-043bc773,Riley Hill,Alex Chen,,2026-02-14 14:00:00,,Happy to share our framework — sending over a doc now.
2-01959b40,Riley Hill,Riley Hill,https://www.linkedin.com/in/riley-hill-162,2026-02-11 08:00:00,,Are you open to a quick call? Would love to share what we're seeing with Shopify brands.
2-01474bb2,Riley Hill,Alex Chen,,2026-02-12 03:00:00,,Following up on our conversation last week — did you get a chance to review?
2-057e1cc8,Riley Hill,Riley Hill,https://www.linkedin.com/in/riley-hill-162,2026-03-13 22:00:00,,Would love to get your take on retention benchmarks for our vertical.
2-0347103d,Camila Reed,Camila Reed,https://www.linkedin.com/in/camila-reed-100,2025-10-21 12:00:00,,Are you open to a quick call? Would love to share what we're seeing with Shopify brands.
2-01c0be69,Camila Reed,Alex Chen,,2025-10-26 21:00:00,,Are you open to a quick call? Would love to share what we're seeing with Shopify brands.
2-03127b3b,Camila Reed,Camila Reed,https://www.linkedin.com/in/camila-reed-100,2025-10-25 22:00:00,,"Hi Alex, reaching out because I think there's a great opportunity to work together."
2-01a60b9c,Daniel Morgan,Alex Chen,,2025-04-04 09:00:00,,Thanks for connecting! Always great to meet fellow growth folks.
2-00b196e2,Daniel Morgan,Alex Chen,,2025-04-06 00:00:00,,"Hi Alex, reaching out because I think there's a great opportunity to work together."
2-00a45d71,Daniel Morgan,Alex Chen,,2025-04-12 15:00:00,,Would love to get your take on retention benchmarks for our vertical.
2-05df2f08,Daniel Morgan,Daniel Morgan,https://www.linkedin.com/in/daniel-morgan-919,2025-04-19 15:00:00,,Thanks for the intro! I'll reach out to them this week.
2-0567e121,Daniel Morgan,Daniel Morgan,https://www.linkedin.com/in/daniel-morgan-919,2025-04-20 14:00:00,,Thanks for connecting! Always great to meet fellow growth folks.
2-02d229c6,Daniel Morgan,Daniel Morgan,https://www.linkedin.com/in/daniel-morgan-919,2025-04-29 00:00:00,,Would love to get your take on retention benchmarks for our vertical.
2-00fcc60a,Daniel Morgan,Alex Chen,,2025-05-04 20:00:00,,Happy to share our framework — sending over a doc now.
2-00e3cae8,Daniel Morgan,Daniel Morgan,https://www.linkedin.com/in/daniel-morgan-919,2025-04-18 04:00:00,,Following up on our conversation last week — did you get a chance to review?
2-02fbcbd2,Daniel Morgan,Alex Chen,,2025-04-20 01:00:00,,Thanks for the intro! I'll reach out to them this week.
2-0205a3fe,Daniel Morgan,Daniel Morgan,https://www.linkedin.com/in/daniel-morgan-919,2025-05-01 02:00:00,,Great catch up! Let's definitely keep in touch.
2-052c9f64,Daniel Morgan,Daniel Morgan,https://www.linkedin.com/in/daniel-morgan-919,2025-04-24 21:00:00,,Thanks for the intro! I'll reach out to them this week.
2-053a4f94,Daniel Morgan,Daniel Morgan,https://www.linkedin.com/in/daniel-morgan-919,2025-06-20 17:00:00,,The email flow you described sounds very similar to what we built for a client last quarter.
2-038b6b06,Jack Campbell,Alex Chen,,2025-01-11 02:00:00,,Following up on our conversation last week — did you get a chance to review?
2-011d8e5a,Jack Campbell,Alex Chen,,2025-01-15 02:00:00,,Would love to get your take on retention benchmarks for our vertical.
2-033ace94,Jack Campbell,Jack Campbell,https://www.linkedin.com/in/jack-campbell-546,2025-01-17 15:00:00,,"Hi Alex, reaching out because I think there's a great opportunity to work together."
2-057e12ef,Jack Campbell,Alex Chen,,2025-01-26 13:00:00,,Happy to share our framework — sending over a doc now.
2-014c22b1,Jack Campbell,Alex Chen,,2025-01-15 03:00:00,,Would love to get your take on retention benchmarks for our vertical.
2-04033194,Jack Campbell,Alex Chen,,2025-01-31 23:00:00,,"Hi Alex, reaching out because I think there's a great opportunity to work together."
