Date,Type,Link
2024-10-03 00:00:00,LIKE,https://www.linkedin.com/feed/update/urn:li:activity:7168237436990830411/
2026-04-16 00:00:00,PRAISE,https://www.linkedin.com/feed/update/urn:li:activity:7667706329992994136/
2025-03-01 00:00:00,PRAISE,https://www.linkedin.com/feed/update/urn:li:activity:7226193727448968997/
2025-05-30 00:00:00,LIKE,https://www.linkedin.com/feed/update/urn:li:activity:7656922581063773673/
2025-08-24 00:00:00,INTEREST,https://www.linkedin.com/feed/update/urn:li:activity:7754711595488569528/
2024-05-31 00:00:00,APPRECIATION,https://www.linkedin.com/feed/update/urn:li:activity:7880094875148626569/
2024-12-18 00:00:00,INTEREST,https://www.linkedin.com/feed/update/urn:li:activity:7193960188195693480/
2025-05-07 00:00:00,LIKE,https://www.linkedin.com/feed/update/urn:li:activity:7830464955581223531/
2024-10-20 00:00:00,INTEREST,https://www.linkedin.com/feed/update/urn:li:activity:7625041234287486164/
2024-07-14 00:00:00,LIKE,https://www.linkedin.com/feed/update/urn:li:activity:7038996136339519661/
2026-02-15 00:00:00,LIKE,https://www.linkedin.com/feed/update/urn:li:activity:7007360052514764273/
2025-03-06 00:00:00,LIKE,https://www.linkedin.com/feed/update/urn:li:activity:7727149494523724457/
2025-09-08 00:00:00,LIKE,https://www.linkedin.com/feed/update/urn:li:activity:7174125330201120923/
2026-04-23 00:00:00,LIKE,https://www.linkedin.com/feed/update/urn:li:activity:7525743345397904993/
2025-04-15 00:00:00,LIKE,https://www.linkedin.com/feed/update/urn:li:activity:7735251008764670756/
2024-06-19 00:00:00,INTEREST,https://www.linkedin.com/feed/update/urn:li:activity:7562457817425304512/
2026-04-16 00:00:00,LIKE,https://www.linkedin.com/feed/update/urn:li:activity:7636001723004949446/
2025-03-07 00:00:00,LIKE,https://www.linkedin.com/feed/update/urn:li:activity:7610376983830342178/
2025-07-25 00:00:00,PRAISE,https://www.linkedin.com/feed/update/urn:li:activity:7579015656622748942/
2024-05-18 00:00:00,EMPATHY,https://www.linkedin.com/feed/update/urn:li:activity:7206680603354392640/
2026-01-13 00:00:00,LIKE,https://www.linkedin.com/feed/update/urn:li:activity:7171667117769105194/
2025-08-29 00:00:00,LIKE,https://www.linkedin.com/feed/update/urn:li:activity:7606962431585547528/
2025-08-17 00:00:00,APPRECIATION,https://www.linkedin.com/feed/update/urn:li:activity:7916499189791155421/
2025-03-22 00:00:00,LIKE,https://www.linkedin.com/feed/update/urn:li:activity:7529188372597533068/
2024-10-01 00:00:00,LIKE,https://www.linkedin.com/feed/update/urn:li:activity:7803858744935967091/
2025-09-13 00:00:00,PRAISE,https://www.linkedin.com/feed/update/urn:li:activity:7954690573352917530/
2026-02-09 00:00:00,LIKE,https://www.linkedin.com/feed/update/urn:li:activity:7467254062378624545/
2025-04-09 00:00:00,EMPATHY,https://www.linkedin.com/feed/update/urn:li:activity:7548796518136403826/
2026-03-06 00:00:00,LIKE,https://www.linkedin.com/feed/update/urn:li:activity:7197591811717179633/
2026-02-07 00:00:00,INTEREST,https://www.linkedin.com/feed/update/urn:li:activity:7500263771200522379/
2024-07-11 00:00:00,APPRECIATION,https://www.linkedin.com/feed/update/urn:li:activity:7264902738207616017/
2025-09-28 00:00:00,INTEREST,https://www.linkedin.com/feed/update/urn:li:activity:7053682294885874760/
2026-02-15 00:00:00,PRAISE,https://www.linkedin.com/feed/update/urn:li:activity:7626071773078178260/
2024-10-02 00:00:00,LIKE,https://www.linkedin.com/feed/update/urn:li:activity:7362576169208749956/
2026-04-16 00:00:00,LIKE,https://www.linkedin.com/feed/update/urn:li:activity:7166241552141123487/
2024-05-03 00:00:00,EMPATHY,https://www.linkedin.com/feed/update/urn:li:activity:7088702889811951508/
2025-06-30 00:00:00,LIKE,https://www.linkedin.com/feed/update/urn:li:activity:7277245565922676886/
2024-09-29 00:00:00,EMPATHY,https://www.linkedin.com/feed/update/urn:li:activity:7382458469139238077/
2025-04-04 00:00:00,LIKE,https://www.linkedin.com/feed/update/urn:li:activity:7834903755101480924/
2026-02-11 00:00:00,APPRECIATION,https://www.linkedin.com/feed/update/urn:li:activity:7112624041415609519/
2025-02-09 00:00:00,LIKE,https://www.linkedin.com/feed/update/urn:li:activity:7087643076179485156/
2025-05-19 00:00:00,EMPATHY,https://www.linkedin.com/feed/update/urn:li:activity:7891848099160075498/
2025-06-02 00:00:00,LIKE,https://www.linkedin.com/feed/update/urn:li:activity:7315124605089341883/
2025-01-26 00:00:00,INTEREST,https://www.linkedin.com/feed/update/urn:li:activity:7410222381939246860/
2024-10-13 00:00:00,EMPATHY,https://www.linkedin.com/feed/update/urn:li:activity:7214141152768398916/
2024-06-05 00:00:00,EMPATHY,https://www.linkedin.com/feed/update/urn:li:activity:7890248404732480692/
2024-08-07 00:00:00,PRAISE,https://www.linkedin.com/feed/update/urn:li:activity:7284137254271408153/
2024-05-02 00:00:00,LIKE,https://www.linkedin.com/feed/update/urn:li:activity:7308950716079174000/
2025-11-26 00:00:00,EMPATHY,https://www.linkedin.com/feed/update/urn:li:activity:7903763965126932813/
2024-07-22 00:00:00,LIKE,https://www.linkedin.com/feed/update/urn:li:activity:7449203558854298782/
2025-06-12 00:00:00,APPRECIATION,https://www.linkedin.com/feed/update/urn:li:activity:7105515875062705116/
2026-04-27 00:00:00,PRAISE,https://www.linkedin.com/feed/update/urn:li:activity:7414956617945724345/
2025-07-30 00:00:00,LIKE,https://www.linkedin.com/feed/update/urn:li:activity:7100646855434304169/
2025-10-23 00:00:00,EMPATHY,https://www.linkedin.com/feed/update/urn:li:activity:7642160018554579793/
2024-10-11 00:00:00,EMPATHY,https://www.linkedin.com/feed/update/urn:li:activity:7030277913562671047/
2026-01-31 00:00:00,APPRECIATION,https://www.linkedin.com/feed/update/urn:li:activity:7107295788742302060/
2024-08-29 00:00:00,APPRECIATION,https://www.linkedin.com/feed/update/urn:li:activity:7444149087254389351/
2026-04-20 00:00:00,PRAISE,https://www.linkedin.com/feed/update/urn:li:activity:7447102446568699107/
2026-02-05 00:00:00,LIKE,https://www.linkedin.com/feed/update/urn:li:activity:7600792624960110501/
2025-11-10 00:00:00,EMPATHY,https://www.linkedin.com/feed/update/urn:li:activity:7160071692388169596/
2025-07-31 00:00:00,PRAISE,https://www.linkedin.com/feed/update/urn:li:activity:7568533197310545601/
2025-12-04 00:00:00,LIKE,https://www.linkedin.com/feed/update/urn:li:activity:7501147621017918121/
2025-07-24 00:00:00,EMPATHY,https://www.linkedin.com/feed/update/urn:li:activity:7558280693897793604/
2026-02-13 00:00:00,APPRECIATION,https://www.linkedin.com/feed/update/urn:li:activity:7831140481380419266/
2024-07-31 00:00:00,INTEREST,https://www.linkedin.com/feed/update/urn:li:activity:7710970712428622382/
2025-10-14 00:00:00,INTEREST,https://www.linkedin.com/feed/update/urn:li:activity:7156208789943650973/
2025-06-25 00:00:00,LIKE,https://www.linkedin.com/feed/update/urn:li:activity:7456201796644640808/
2025-05-27 00:00:00,EMPATHY,https://www.linkedin.com/feed/update/urn:li:activity:7994046978404381792/
2025-05-30 00:00:00,INTEREST,https://www.linkedin.com/feed/update/urn:li:activity:7496466695795328484/
2024-07-05 00:00:00,LIKE,https://www.linkedin.com/feed/update/urn:li:activity:7369701749518848935/
2024-08-23 00:00:00,LIKE,https://www.linkedin.com/feed/update/urn:li:activity:7362228661809603049/
2025-11-02 00:00:00,EMPATHY,https://www.linkedin.com/feed/update/urn:li:activity:7367940678358818895/
2025-07-08 00:00:00,INTEREST,https://www.linkedin.com/feed/update/urn:li:activity:7663943609577329220/
2025-08-27 00:00:00,APPRECIATION,https://www.linkedin.com/feed/update/urn:li:activity:7323164065499523337/
2025-03-26 00:00:00,APPRECIATION,https://www.linkedin.com/feed/update/urn:li:activity:7230353770114482655/
2024-09-03 00:00:00,LIKE,https://www.linkedin.com/feed/update/urn:li:activity:7885003195661989916/
2024-10-16 00:00:00,LIKE,https://www.linkedin.com/feed/update/urn:li:activity:7838419929995156529/
2025-01-15 00:00:00,LIKE,https://www.linkedin.com/feed/update/urn:li:activity:7919668790491256191/
2025-07-08 00:00:00,LIKE,https://www.linkedin.com/feed/update/urn:li:activity:7977432932570872352/
2025-03-10 00:00:00,INTEREST,https://www.linkedin.com/feed/update/urn:li:activity:7730186742050668064/
2025-06-26 00:00:00,LIKE,https://www.linkedin.com/feed/update/urn:li:activity:7759386704765239103/
2025-11-26 00:00:00,EMPATHY,https://www.linkedin.com/feed/update/urn:li:activity:7434640823909412696/
2026-02-16 00:00:00,INTEREST,https://www.linkedin.com/feed/update/urn:li:activity:7689370799615675936/
2024-12-28 00:00:00,EMPATHY,https://www.linkedin.com/feed/update/urn:li:activity:7584084609311722825/
2024-05-24 00:00:00,EMPATHY,https://www.linkedin.com/feed/update/urn:li:activity:7042387343816807690/
2025-04-29 00:00:00,LIKE,https://www.linkedin.com/feed/update/urn:li:activity:7886543656238948985/
2025-08-21 00:00:00,APPRECIATION,https://www.linkedin.com/feed/update/urn:li:activity:7745940033668982979/
2024-08-13 00:00:00,LIKE,https://www.linkedin.com/feed/update/urn:li:activity:7781071919018460112/
2024-07-09 00:00:00,EMPATHY,https://www.linkedin.com/feed/update/urn:li:activity:7867784166190673711/
2025-05-28 00:00:00,EMPATHY,https://www.linkedin.com/feed/update/urn:li:activity:7012160757972020913/
2026-01-22 00:00:00,PRAISE,https://www.linkedin.com/feed/update/urn:li:activity:7588769614131171359/
2024-11-17 00:00:00,LIKE,https://www.linkedin.com/feed/update/urn:li:activity:7431330497866402591/
2025-03-28 00:00:00,INTEREST,https://www.linkedin.com/feed/update/urn:li:activity:7783474133428615275/
2024-09-07 00:00:00,LIKE,https://www.linkedin.com/feed/update/urn:li:activity:7556597168615046390/
2026-01-15 00:00:00,PRAISE,https://www.linkedin.com/feed/update/urn:li:activity:7098983847658769453/
2026-01-04 00:00:00,LIKE,https://www.linkedin.com/feed/update/urn:li:activity:7359585087402807559/
2025-05-16 00:00:00,INTEREST,https://www.linkedin.com/feed/update/urn:li:activity:7238501787878157098/
2024-11-15 00:00:00,INTEREST,https://www.linkedin.com/feed/update/urn:li:activity:7548978022576436553/
2026-01-23 00:00:00,INTEREST,https://www.linkedin.com/feed/update/urn:li:activity:7803313355951741000/
2025-01-24 00:00:00,APPRECIATION,https://www.linkedin.com/feed/update/urn:li:activity:7346180918466205308/
2026-03-18 00:00:00,LIKE,https://www.linkedin.com/feed/update/urn:li:activity:7979037894004450123/
2025-05-16 00:00:00,LIKE,https://www.linkedin.com/feed/update/urn:li:activity:7922394996237730013/
2025-11-15 00:00:00,LIKE,https://www.linkedin.com/feed/update/urn:li:activity:7201130881146432821/
2024-10-14 00:00:00,LIKE,https://www.linkedin.com/feed/update/urn:li:activity:7645461898711252216/
2025-02-20 00:00:00,INTEREST,https://www.linkedin.com/feed/update/urn:li:activity:7919749801277055624/
2025-03-14 00:00:00,LIKE,https://www.linkedin.com/feed/update/urn:li:activity:7738421865302134187/
2024-06-28 00:00:00,EMPATHY,https://www.linkedin.com/feed/update/urn:li:activity:7033656396222620435/
2024-08-12 00:00:00,LIKE,https://www.linkedin.com/feed/update/urn:li:activity:7682763758905809178/
2025-02-17 00:00:00,EMPATHY,https://www.linkedin.com/feed/update/urn:li:activity:7812504849171325768/
2025-09-25 00:00:00,LIKE,https://www.linkedin.com/feed/update/urn:li:activity:7867372241510308680/
2024-05-12 00:00:00,LIKE,https://www.linkedin.com/feed/update/urn:li:activity:7117312120727343761/
2024-10-30 00:00:00,LIKE,https://www.linkedin.com/feed/update/urn:li:activity:7375835014637853881/
2025-10-13 00:00:00,INTEREST,https://www.linkedin.com/feed/update/urn:li:activity:7302472866151802657/
2024-06-15 00:00:00,INTEREST,https://www.linkedin.com/feed/update/urn:li:activity:7361330340022492870/
2024-08-29 00:00:00,EMPATHY,https://www.linkedin.com/feed/update/urn:li:activity:7452572427570820469/
2024-09-08 00:00:00,LIKE,https://www.linkedin.com/feed/update/urn:li:activity:7405810982889297628/
2025-01-19 00:00:00,LIKE,https://www.linkedin.com/feed/update/urn:li:activity:7776595086351869567/
2024-05-10 00:00:00,PRAISE,https://www.linkedin.com/feed/update/urn:li:activity:7708452415584520206/
2024-09-05 00:00:00,LIKE,https://www.linkedin.com/feed/update/urn:li:activity:7154431264320874497/
2025-06-16 00:00:00,LIKE,https://www.linkedin.com/feed/update/urn:li:activity:7352079176315116093/
2026-01-03 00:00:00,LIKE,https://www.linkedin.com/feed/update/urn:li:activity:7799477905709137031/
2025-12-09 00:00:00,EMPATHY,https://www.linkedin.com/feed/update/urn:li:activity:7687632151445878731/
2025-12-12 00:00:00,EMPATHY,https://www.linkedin.com/feed/update/urn:li:activity:7214159432111375627/
2024-12-20 00:00:00,LIKE,https://www.linkedin.com/feed/update/urn:li:activity:7192382848975421491/
2024-12-17 00:00:00,PRAISE,https://www.linkedin.com/feed/update/urn:li:activity:7215709974220405078/
2025-06-14 00:00:00,INTEREST,https://www.linkedin.com/feed/update/urn:li:activity:7061809572801783580/
2025-04-30 00:00:00,LIKE,https://www.linkedin.com/feed/update/urn:li:activity:7157413809064989853/
2025-10-15 00:00:00,EMPATHY,https://www.linkedin.com/feed/update/urn:li:activity:7647460057654329543/
2024-12-01 00:00:00,INTEREST,https://www.linkedin.com/feed/update/urn:li:activity:7789401517449611099/
2024-12-15 00:00:00,EMPATHY,https://www.linkedin.com/feed/update/urn:li:activity:7968329319422878709/
2025-02-02 00:00:00,INTEREST,https://www.linkedin.com/feed/update/urn:li:activity:7095312742425108456/
2024-10-01 00:00:00,LIKE,https://www.linkedin.com/feed/update/urn:li:activity:7877438547563305344/
2025-09-19 00:00:00,PRAISE,https://www.linkedin.com/feed/update/urn:li:activity:7316883838290539657/
2025-09-14 00:00:00,PRAISE,https://www.linkedin.com/feed/update/urn:li:activity:7900132159922093636/
2025-01-19 00:00:00,INTEREST,https://www.linkedin.com/feed/update/urn:li:activity:7588919200659725029/
2026-01-07 00:00:00,LIKE,https://www.linkedin.com/feed/update/urn:li:activity:7893644479105621513/
2024-10-23 00:00:00,APPRECIATION,https://www.linkedin.com/feed/update/urn:li:activity:7948405824408214212/
2026-03-21 00:00:00,INTEREST,https://www.linkedin.com/feed/update/urn:li:activity:7251961694670933731/
2025-02-21 00:00:00,LIKE,https://www.linkedin.com/feed/update/urn:li:activity:7957006381287326037/
2024-07-02 00:00:00,LIKE,https://www.linkedin.com/feed/update/urn:li:activity:7037159120739169425/
2025-01-27 00:00:00,PRAISE,https://www.linkedin.com/feed/update/urn:li:activity:7994048488276514603/
2026-02-02 00:00:00,INTEREST,https://www.linkedin.com/feed/update/urn:li:activity:7894242402331329205/
2025-09-02 00:00:00,LIKE,https://www.linkedin.com/feed/update/urn:li:activity:7850409867461670542/
2024-09-07 00:00:00,APPRECIATION,https://www.linkedin.com/feed/update/urn:li:activity:7819443522840932351/
2024-08-16 00:00:00,EMPATHY,https://www.linkedin.com/feed/update/urn:li:activity:7710373967835022716/
2025-12-11 00:00:00,LIKE,https://www.linkedin.com/feed/update/urn:li:activity:7238588713846931020/
2026-03-03 00:00:00,APPRECIATION,https://www.linkedin.com/feed/update/urn:li:activity:7324068964240166370/
2024-08-29 00:00:00,LIKE,https://www.linkedin.com/feed/update/urn:li:activity:7337384836769308170/
2025-07-10 00:00:00,PRAISE,https://www.linkedin.com/feed/update/urn:li:activity:7989226075820150779/
2024-11-22 00:00:00,LIKE,https://www.linkedin.com/feed/update/urn:li:activity:7905840105238178651/
2025-03-07 00:00:00,LIKE,https://www.linkedin.com/feed/update/urn:li:activity:7319732269018485709/
2024-06-30 00:00:00,LIKE,https://www.linkedin.com/feed/update/urn:li:activity:7998520869302087769/
2025-12-18 00:00:00,LIKE,https://www.linkedin.com/feed/update/urn:li:activity:7820182417354536411/
2025-06-07 00:00:00,LIKE,https://www.linkedin.com/feed/update/urn:li:activity:7972553454338698955/
2024-06-09 00:00:00,EMPATHY,https://www.linkedin.com/feed/update/urn:li:activity:7163912734554794717/
2024-09-18 00:00:00,PRAISE,https://www.linkedin.com/feed/update/urn:li:activity:7477569017045342037/
2025-04-13 00:00:00,INTEREST,https://www.linkedin.com/feed/update/urn:li:activity:7730523072076253392/
2026-01-27 00:00:00,EMPATHY,https://www.linkedin.com/feed/update/urn:li:activity:7864463291244560022/
2025-07-22 00:00:00,APPRECIATION,https://www.linkedin.com/feed/update/urn:li:activity:7377338846422006707/
2024-09-14 00:00:00,LIKE,https://www.linkedin.com/feed/update/urn:li:activity:7892517220275502384/
2026-01-27 00:00:00,INTEREST,https://www.linkedin.com/feed/update/urn:li:activity:7765705689925740797/
2024-05-18 00:00:00,APPRECIATION,https://www.linkedin.com/feed/update/urn:li:activity:7073015306676637703/
2024-11-01 00:00:00,EMPATHY,https://www.linkedin.com/feed/update/urn:li:activity:7950984591009453850/
2025-09-28 00:00:00,INTEREST,https://www.linkedin.com/feed/update/urn:li:activity:7372238168088302726/
2025-07-16 00:00:00,APPRECIATION,https://www.linkedin.com/feed/update/urn:li:activity:7666312127616420613/
2025-12-20 00:00:00,INTEREST,https://www.linkedin.com/feed/update/urn:li:activity:7396304800520488125/
2024-06-03 00:00:00,LIKE,https://www.linkedin.com/feed/update/urn:li:activity:7114801856089352818/
2024-07-30 00:00:00,INTEREST,https://www.linkedin.com/feed/update/urn:li:activity:7143235707692581834/
2025-11-22 00:00:00,INTEREST,https://www.linkedin.com/feed/update/urn:li:activity:7000779289416851312/
2025-02-18 00:00:00,LIKE,https://www.linkedin.com/feed/update/urn:li:activity:7793892385018203753/
2025-12-18 00:00:00,PRAISE,https://www.linkedin.com/feed/update/urn:li:activity:7107613675248296894/
2024-07-01 00:00:00,APPRECIATION,https://www.linkedin.com/feed/update/urn:li:activity:7095024400152756995/
2025-04-17 00:00:00,LIKE,https://www.linkedin.com/feed/update/urn:li:activity:7456950714829237831/
2024-07-31 00:00:00,PRAISE,https://www.linkedin.com/feed/update/urn:li:activity:7806400995073089420/
2025-09-05 00:00:00,EMPATHY,https://www.linkedin.com/feed/update/urn:li:activity:7105145505210556739/
2024-05-12 00:00:00,LIKE,https://www.linkedin.com/feed/update/urn:li:activity:7246057860348719417/
2024-12-30 00:00:00,LIKE,https://www.linkedin.com/feed/update/urn:li:activity:7684465861674179846/
2025-09-13 00:00:00,INTEREST,https://www.linkedin.com/feed/update/urn:li:activity:7009295507564306723/
2024-05-20 00:00:00,APPRECIATION,https://www.linkedin.com/feed/update/urn:li:activity:7139035168692113077/
2025-02-24 00:00:00,LIKE,https://www.linkedin.com/feed/update/urn:li:activity:7081659480811147311/
2025-09-10 00:00:00,EMPATHY,https://www.linkedin.com/feed/update/urn:li:activity:7842512811075462857/
2026-01-18 00:00:00,LIKE,https://www.linkedin.com/feed/update/urn:li:activity:7423769770013740395/
2025-06-30 00:00:00,LIKE,https://www.linkedin.com/feed/update/urn:li:activity:7891739219221414330/
2025-12-17 00:00:00,LIKE,https://www.linkedin.com/feed/update/urn:li:activity:7611634400152742991/
2024-10-03 00:00:00,LIKE,https://www.linkedin.com/feed/update/urn:li:activity:7749422283390312880/
2025-11-15 00:00:00,INTEREST,https://www.linkedin.com/feed/update/urn:li:activity:7832907422785302586/
2025-09-26 00:00:00,LIKE,https://www.linkedin.com/feed/update/urn:li:activity:7474669193820515940/
2024-08-10 00:00:00,INTEREST,https://www.linkedin.com/feed/update/urn:li:activity:7250466068146323720/
2026-02-03 00:00:00,LIKE,https://www.linkedin.com/feed/update/urn:li:activity:7867510770791343777/
2025-12-27 00:00:00,EMPATHY,https://www.linkedin.com/feed/update/urn:li:activity:7362598037373873085/
2025-12-10 00:00:00,LIKE,https://www.linkedin.com/feed/update/urn:li:activity:7743196920136555052/
2026-02-05 00:00:00,LIKE,https://www.linkedin.com/feed/update/urn:li:activity:7692904739778291411/
2024-08-26 00:00:00,PRAISE,https://www.linkedin.com/feed/update/urn:li:activity:7030926430376495705/
2024-06-27 00:00:00,PRAISE,https://www.linkedin.com/feed/update/urn:li:activity:7596924103392761653/
2024-08-19 00:00:00,LIKE,https://www.linkedin.com/feed/update/urn:li:activity:7451658171353837138/
2025-07-04 00:00:00,LIKE,https://www.linkedin.com/feed/update/urn:li:activity:7570566692401673451/
2025-04-02 00:00:00,LIKE,https://www.linkedin.com/feed/update/urn:li:activity:7575979450713737382/
2024-07-18 00:00:00,LIKE,https://www.linkedin.com/feed/update/urn:li:activity:7013912318098954479/
2025-04-28 00:00:00,APPRECIATION,https://www.linkedin.com/feed/update/urn:li:activity:7445994133342495069/
2024-09-27 00:00:00,EMPATHY,https://www.linkedin.com/feed/update/urn:li:activity:7629905836550630359/
2024-06-02 00:00:00,LIKE,https://www.linkedin.com/feed/update/urn:li:activity:7543042890654417371/
2026-02-17 00:00:00,LIKE,https://www.linkedin.com/feed/update/urn:li:activity:7077859758075114575/
2026-04-18 00:00:00,PRAISE,https://www.linkedin.com/feed/update/urn:li:activity:7045917242885074424/
2026-03-02 00:00:00,EMPATHY,https://www.linkedin.com/feed/update/urn:li:activity:7330297942314400640/
2024-07-28 00:00:00,EMPATHY,https://www.linkedin.com/feed/update/urn:li:activity:7809132575794621742/
2025-03-17 00:00:00,LIKE,https://www.linkedin.com/feed/update/urn:li:activity:7618617117490167913/
2024-10-29 00:00:00,LIKE,https://www.linkedin.com/feed/update/urn:li:activity:7096380866905251899/
2025-06-19 00:00:00,LIKE,https://www.linkedin.com/feed/update/urn:li:activity:7179137639073253021/
2024-10-30 00:00:00,APPRECIATION,https://www.linkedin.com/feed/update/urn:li:activity:7676116012567296718/
2024-07-22 00:00:00,LIKE,https://www.linkedin.com/feed/update/urn:li:activity:7805518450522277006/
2025-02-09 00:00:00,LIKE,https://www.linkedin.com/feed/update/urn:li:activity:7281865969307151517/
2026-02-03 00:00:00,EMPATHY,https://www.linkedin.com/feed/update/urn:li:activity:7522702146101136380/
2024-08-14 00:00:00,LIKE,https://www.linkedin.com/feed/update/urn:li:activity:7767937469498630707/
2024-06-28 00:00:00,LIKE,https://www.linkedin.com/feed/update/urn:li:activity:7014601716793332007/
2024-05-08 00:00:00,LIKE,https://www.linkedin.com/feed/update/urn:li:activity:7013086356046969496/
2025-11-16 00:00:00,INTEREST,https://www.linkedin.com/feed/update/urn:li:activity:7399723801353969316/
2024-11-13 00:00:00,PRAISE,https://www.linkedin.com/feed/update/urn:li:activity:7428736267702637957/
2025-12-24 00:00:00,PRAISE,https://www.linkedin.com/feed/update/urn:li:activity:7889398568282552081/
2026-04-02 00:00:00,APPRECIATION,https://www.linkedin.com/feed/update/urn:li:activity:7494977529583410877/
2025-07-28 00:00:00,LIKE,https://www.linkedin.com/feed/update/urn:li:activity:7821252788130458374/
2024-09-19 00:00:00,LIKE,https://www.linkedin.com/feed/update/urn:li:activity:7524807308774180602/
2024-11-25 00:00:00,APPRECIATION,https://www.linkedin.com/feed/update/urn:li:activity:7576011116710281708/
2024-09-29 00:00:00,LIKE,https://www.linkedin.com/feed/update/urn:li:activity:7181366059488561495/
2025-08-14 00:00:00,LIKE,https://www.linkedin.com/feed/update/urn:li:activity:7661675840759580284/
2024-06-11 00:00:00,LIKE,https://www.linkedin.com/feed/update/urn:li:activity:7854061145508066890/
2024-11-27 00:00:00,LIKE,https://www.linkedin.com/feed/update/urn:li:activity:7990001017162961267/
2026-04-20 00:00:00,LIKE,https://www.linkedin.com/feed/update/urn:li:activity:7543907541802119687/
2025-04-25 00:00:00,EMPATHY,https://www.linkedin.com/feed/update/urn:li:activity:7173035843942086540/
2025-10-31 00:00:00,LIKE,https://www.linkedin.com/feed/update/urn:li:activity:7925929109543488491/
2024-06-30 00:00:00,EMPATHY,https://www.linkedin.com/feed/update/urn:li:activity:7371012461542364661/
2025-08-21 00:00:00,EMPATHY,https://www.linkedin.com/feed/update/urn:li:activity:7830435435308479789/
2025-06-09 00:00:00,PRAISE,https://www.linkedin.com/feed/update/urn:li:activity:7089797676533844497/
2024-09-24 00:00:00,APPRECIATION,https://www.linkedin.com/feed/update/urn:li:activity:7578813793599033142/
2024-06-12 00:00:00,LIKE,https://www.linkedin.com/feed/update/urn:li:activity:7257314850138063608/
2024-11-20 00:00:00,LIKE,https://www.linkedin.com/feed/update/urn:li:activity:7462234885688298568/
2026-02-21 00:00:00,INTEREST,https://www.linkedin.com/feed/update/urn:li:activity:7325477659112131036/
2025-06-18 00:00:00,APPRECIATION,https://www.linkedin.com/feed/update/urn:li:activity:7637670960129727623/
2025-01-20 00:00:00,LIKE,https://www.linkedin.com/feed/update/urn:li:activity:7231358091544854474/
2025-07-08 00:00:00,PRAISE,https://www.linkedin.com/feed/update/urn:li:activity:7717944425683409412/
2025-08-27 00:00:00,INTEREST,https://www.linkedin.com/feed/update/urn:li:activity:7682173196258455074/
2024-12-13 00:00:00,LIKE,https://www.linkedin.com/feed/update/urn:li:activity:7876776305485106808/
2025-08-24 00:00:00,LIKE,https://www.linkedin.com/feed/update/urn:li:activity:7027566652350013539/
2025-09-06 00:00:00,APPRECIATION,https://www.linkedin.com/feed/update/urn:li:activity:7967962924034102672/
2024-05-22 00:00:00,LIKE,https://www.linkedin.com/feed/update/urn:li:activity:7386248736591059213/
2026-05-01 00:00:00,EMPATHY,https://www.linkedin.com/feed/update/urn:li:activity:7850951372807894210/
2025-06-22 00:00:00,LIKE,https://www.linkedin.com/feed/update/urn:li:activity:7610834510325980737/
2025-09-01 00:00:00,EMPATHY,https://www.linkedin.com/feed/update/urn:li:activity:7164145450947492120/
2024-05-04 00:00:00,PRAISE,https://www.linkedin.com/feed/update/urn:li:activity:7050613557167953936/
2025-09-07 00:00:00,EMPATHY,https://www.linkedin.com/feed/update/urn:li:activity:7528566113296687701/
2026-02-05 00:00:00,LIKE,https://www.linkedin.com/feed/update/urn:li:activity:7153930985814341326/
2024-07-19 00:00:00,EMPATHY,https://www.linkedin.com/feed/update/urn:li:activity:7682409353774896934/
2024-09-28 00:00:00,LIKE,https://www.linkedin.com/feed/update/urn:li:activity:7763745843950586278/
2025-12-20 00:00:00,LIKE,https://www.linkedin.com/feed/update/urn:li:activity:7300902064230975410/
2025-06-14 00:00:00,EMPATHY,https://www.linkedin.com/feed/update/urn:li:activity:7959115205783240914/
2025-06-02 00:00:00,APPRECIATION,https://www.linkedin.com/feed/update/urn:li:activity:7313543777172582466/
2025-09-05 00:00:00,LIKE,https://www.linkedin.com/feed/update/urn:li:activity:7233711748976004316/
2025-12-14 00:00:00,LIKE,https://www.linkedin.com/feed/update/urn:li:activity:7121815091477281900/
2025-11-15 00:00:00,INTEREST,https://www.linkedin.com/feed/update/urn:li:activity:7362055733485724500/
2025-03-12 00:00:00,LIKE,https://www.linkedin.com/feed/update/urn:li:activity:7413077295267469811/
2025-10-02 00:00:00,INTEREST,https://www.linkedin.com/feed/update/urn:li:activity:7534202252574671140/
2025-08-04 00:00:00,LIKE,https://www.linkedin.com/feed/update/urn:li:activity:7181718155421668039/
2024-05-30 00:00:00,PRAISE,https://www.linkedin.com/feed/update/urn:li:activity:7812469324732044260/
2024-05-19 00:00:00,LIKE,https://www.linkedin.com/feed/update/urn:li:activity:7963755619507739177/
2025-06-01 00:00:00,LIKE,https://www.linkedin.com/feed/update/urn:li:activity:7819908660197702294/
2025-08-21 00:00:00,APPRECIATION,https://www.linkedin.com/feed/update/urn:li:activity:7591978702773962474/
2026-03-13 00:00:00,PRAISE,https://www.linkedin.com/feed/update/urn:li:activity:7945498946381957756/
2025-11-05 00:00:00,LIKE,https://www.linkedin.com/feed/update/urn:li:activity:7466232495210011249/
2025-01-24 00:00:00,LIKE,https://www.linkedin.com/feed/update/urn:li:activity:7532699597219293808/
2026-01-18 00:00:00,LIKE,https://www.linkedin.com/feed/update/urn:li:activity:7013785393842851731/
2026-02-28 00:00:00,LIKE,https://www.linkedin.com/feed/update/urn:li:activity:7228431830518762967/
2025-03-18 00:00:00,APPRECIATION,https://www.linkedin.com/feed/update/urn:li:activity:7726683597275161606/
2024-07-11 00:00:00,LIKE,https://www.linkedin.com/feed/update/urn:li:activity:7675748918240422946/
2025-08-10 00:00:00,LIKE,https://www.linkedin.com/feed/update/urn:li:activity:7227990612538899781/
2024-07-10 00:00:00,INTEREST,https://www.linkedin.com/feed/update/urn:li:activity:7148486549136093846/
2026-01-28 00:00:00,APPRECIATION,https://www.linkedin.com/feed/update/urn:li:activity:7049225501174003986/
2025-01-15 00:00:00,LIKE,https://www.linkedin.com/feed/update/urn:li:activity:7499395297582650148/
2025-03-24 00:00:00,INTEREST,https://www.linkedin.com/feed/update/urn:li:activity:7441256998723135182/
2024-06-02 00:00:00,EMPATHY,https://www.linkedin.com/feed/update/urn:li:activity:7408068790610106338/
2025-09-25 00:00:00,LIKE,https://www.linkedin.com/feed/update/urn:li:activity:7322650331142239383/
2025-01-31 00:00:00,LIKE,https://www.linkedin.com/feed/update/urn:li:activity:7708016674470545697/
2024-08-06 00:00:00,LIKE,https://www.linkedin.com/feed/update/urn:li:activity:7340233091332442499/
2024-12-08 00:00:00,EMPATHY,https://www.linkedin.com/feed/update/urn:li:activity:7634900804133570257/
2024-12-28 00:00:00,LIKE,https://www.linkedin.com/feed/update/urn:li:activity:7322559749477690213/
2025-04-05 00:00:00,LIKE,https://www.linkedin.com/feed/update/urn:li:activity:7229959190847879484/
2024-07-13 00:00:00,LIKE,https://www.linkedin.com/feed/update/urn:li:activity:7626793477490533156/
2026-04-13 00:00:00,EMPATHY,https://www.linkedin.com/feed/update/urn:li:activity:7822460384839180734/
2025-04-30 00:00:00,INTEREST,https://www.linkedin.com/feed/update/urn:li:activity:7900933340442756302/
2024-12-22 00:00:00,APPRECIATION,https://www.linkedin.com/feed/update/urn:li:activity:7652151334247936872/
2024-12-04 00:00:00,APPRECIATION,https://www.linkedin.com/feed/update/urn:li:activity:7311791121001673881/
2025-10-30 00:00:00,LIKE,https://www.linkedin.com/feed/update/urn:li:activity:7688428283336979935/
2025-09-20 00:00:00,LIKE,https://www.linkedin.com/feed/update/urn:li:activity:7934661204730763062/
2025-07-19 00:00:00,LIKE,https://www.linkedin.com/feed/update/urn:li:activity:7610393873595780824/
2025-05-01 00:00:00,LIKE,https://www.linkedin.com/feed/update/urn:li:activity:7184034881755856533/
2026-01-20 00:00:00,LIKE,https://www.linkedin.com/feed/update/urn:li:activity:7278030248256750658/
2025-08-03 00:00:00,LIKE,https://www.linkedin.com/feed/update/urn:li:activity:7252964335035559677/
2024-09-20 00:00:00,EMPATHY,https://www.linkedin.com/feed/update/urn:li:activity:7200276338687370658/
2025-11-03 00:00:00,LIKE,https://www.linkedin.com/feed/update/urn:li:activity:7366634074677140446/
2024-05-18 00:00:00,APPRECIATION,https://www.linkedin.com/feed/update/urn:li:activity:7682025129604716514/
2026-04-04 00:00:00,APPRECIATION,https://www.linkedin.com/feed/update/urn:li:activity:7654457469842699653/
2024-10-02 00:00:00,LIKE,https://www.linkedin.com/feed/update/urn:li:activity:7964645772839621840/
2024-12-14 00:00:00,PRAISE,https://www.linkedin.com/feed/update/urn:li:activity:7565434700130240971/
2026-03-25 00:00:00,LIKE,https://www.linkedin.com/feed/update/urn:li:activity:7268196467081021023/
2024-08-24 00:00:00,LIKE,https://www.linkedin.com/feed/update/urn:li:activity:7606953813304803385/
2024-12-29 00:00:00,LIKE,https://www.linkedin.com/feed/update/urn:li:activity:7232272615689416630/
2025-12-20 00:00:00,APPRECIATION,https://www.linkedin.com/feed/update/urn:li:activity:7204597302869440902/
2025-06-05 00:00:00,LIKE,https://www.linkedin.com/feed/update/urn:li:activity:7170300358233167220/
2024-09-09 00:00:00,LIKE,https://www.linkedin.com/feed/update/urn:li:activity:7127882731873690141/
2024-11-10 00:00:00,APPRECIATION,https://www.linkedin.com/feed/update/urn:li:activity:7083623249306922415/
2025-04-15 00:00:00,EMPATHY,https://www.linkedin.com/feed/update/urn:li:activity:7116482161284296757/
2025-05-23 00:00:00,PRAISE,https://www.linkedin.com/feed/update/urn:li:activity:7157318056368283571/
2025-11-22 00:00:00,EMPATHY,https://www.linkedin.com/feed/update/urn:li:activity:7737023503860379911/
2024-12-20 00:00:00,APPRECIATION,https://www.linkedin.com/feed/update/urn:li:activity:7815326390010809290/
2024-10-04 00:00:00,APPRECIATION,https://www.linkedin.com/feed/update/urn:li:activity:7767305773929075433/
2024-09-06 00:00:00,LIKE,https://www.linkedin.com/feed/update/urn:li:activity:7353743094490712049/
2024-05-27 00:00:00,PRAISE,https://www.linkedin.com/feed/update/urn:li:activity:7204883701641373471/
2026-05-01 00:00:00,EMPATHY,https://www.linkedin.com/feed/update/urn:li:activity:7037334761572043996/
2025-10-28 00:00:00,APPRECIATION,https://www.linkedin.com/feed/update/urn:li:activity:7932490893440133396/
2024-08-14 00:00:00,LIKE,https://www.linkedin.com/feed/update/urn:li:activity:7652035042540774403/
2026-01-16 00:00:00,INTEREST,https://www.linkedin.com/feed/update/urn:li:activity:7381811198670222378/
2026-02-12 00:00:00,LIKE,https://www.linkedin.com/feed/update/urn:li:activity:7193561013328280037/
2024-07-20 00:00:00,LIKE,https://www.linkedin.com/feed/update/urn:li:activity:7817381929779752336/
2024-06-15 00:00:00,APPRECIATION,https://www.linkedin.com/feed/update/urn:li:activity:7013138259632084707/
2025-08-04 00:00:00,LIKE,https://www.linkedin.com/feed/update/urn:li:activity:7799177609654167795/
2026-02-22 00:00:00,APPRECIATION,https://www.linkedin.com/feed/update/urn:li:activity:7907372289752061368/
2026-01-12 00:00:00,LIKE,https://www.linkedin.com/feed/update/urn:li:activity:7444955176098554955/
2025-02-08 00:00:00,EMPATHY,https://www.linkedin.com/feed/update/urn:li:activity:7191775168716541631/
2025-03-05 00:00:00,INTEREST,https://www.linkedin.com/feed/update/urn:li:activity:7436625876587362509/
2025-05-08 00:00:00,EMPATHY,https://www.linkedin.com/feed/update/urn:li:activity:7955549383921187019/
2024-12-28 00:00:00,LIKE,https://www.linkedin.com/feed/update/urn:li:activity:7520298970365549421/
2026-02-16 00:00:00,LIKE,https://www.linkedin.com/feed/update/urn:li:activity:7023148358868607363/
2025-06-10 00:00:00,PRAISE,https://www.linkedin.com/feed/update/urn:li:activity:7120739763935256864/
2026-02-16 00:00:00,APPRECIATION,https://www.linkedin.com/feed/update/urn:li:activity:7185510251991007761/
2026-02-15 00:00:00,LIKE,https://www.linkedin.com/feed/update/urn:li:activity:7684870581618994656/
2024-08-12 00:00:00,INTEREST,https://www.linkedin.com/feed/update/urn:li:activity:7035732730769205939/
2025-02-15 00:00:00,LIKE,https://www.linkedin.com/feed/update/urn:li:activity:7181128329039430073/
2026-03-09 00:00:00,LIKE,https://www.linkedin.com/feed/update/urn:li:activity:7236983557942320476/
2025-10-20 00:00:00,EMPATHY,https://www.linkedin.com/feed/update/urn:li:activity:7638848140274531252/
2024-10-26 00:00:00,PRAISE,https://www.linkedin.com/feed/update/urn:li:activity:7324574005700653458/
2025-07-02 00:00:00,LIKE,https://www.linkedin.com/feed/update/urn:li:activity:7057225771001705019/
2025-03-26 00:00:00,INTEREST,https://www.linkedin.com/feed/update/urn:li:activity:7062839817491295110/
2025-04-28 00:00:00,LIKE,https://www.linkedin.com/feed/update/urn:li:activity:7101028619164816789/
2025-07-05 00:00:00,INTEREST,https://www.linkedin.com/feed/update/urn:li:activity:7111818284703015772/
2026-04-06 00:00:00,LIKE,https://www.linkedin.com/feed/update/urn:li:activity:7735783733113366685/
2025-07-08 00:00:00,LIKE,https://www.linkedin.com/feed/update/urn:li:activity:7972799511778553115/
2026-01-04 00:00:00,PRAISE,https://www.linkedin.com/feed/update/urn:li:activity:7458248657094683613/
2025-01-05 00:00:00,INTEREST,https://www.linkedin.com/feed/update/urn:li:activity:7762127300385222868/
2025-08-04 00:00:00,LIKE,https://www.linkedin.com/feed/update/urn:li:activity:7627334599731665632/
2025-04-01 00:00:00,LIKE,https://www.linkedin.com/feed/update/urn:li:activity:7425891127668139076/
2025-10-23 00:00:00,INTEREST,https://www.linkedin.com/feed/update/urn:li:activity:7303559582774199240/
2025-02-06 00:00:00,INTEREST,https://www.linkedin.com/feed/update/urn:li:activity:7260839584130022473/
